Workbook
Name netropenia: 'FEDER Dataset'!$3:$3

Sheet FEDER Dataset
A1: report_id | B1: receive_date | C1: year | D1: month | E1: quarter | F1: serious | G1: serious_flags | H1: is_fatal | I1: is_hospitalized | J1: is_life_threat | K1: is_disabling | L1: reactions | M1: primary_reaction | N1: reaction_outcomes | O1: patient_recovered | P1: num_reactions | Q1: suspect_drug | R1: brand_name | S1: drug_route | T1: drug_indication | U1: manufacturer | V1: pharm_class | W1: num_drugs | X1: drug_count_category | Y1: patient_age_years | Z1: age_group | AA1: patient_sex | AB1: patient_weight_kg | AC1: country | AD1: report_age_days
A2: 10136674 | B2: 45659 | C2: 2025 | D2: 1 | E2: 2025Q1 | F2: Yes | G2: Hospitalization | H2: FALSE | I2: TRUE | J2: FALSE | K2: FALSE | L2: Pneumonia; Staphylococcal infection; Sepsis | M2: Pneumonia | N2: Recovered | O2: TRUE | P2: 3 | Q2: USTEKINUMAB | R2: STELARA | S2: 58 | T2: Psoriasis | U2: Janssen Biotech, Inc. | V2: Interleukin-12 Antagonist [EPC]; Interleukin-23 Antagonist [EPC] | W2: 12 | X2: Polypharmacy(6+) | Y2: 23 | Z2: Adult(19-40) | AA2: Female | AB2: 55 | AC2: RS | AD2: 450
A3: 10233235 | B3: 45664 | C3: 2025 | D3: 1 | E3: 2025Q1 | F3: Yes | G3: Death; Life-Threatening | H3: TRUE | I3: FALSE | J3: TRUE | K3: FALSE | L3: Cerebrovascular accident | M3: Cerebrovascular accident | N3: Unknown | O3: FALSE | P3: 1 | Q3: TEMODAL | R3: Unknown | S3: 48 | T3: Glioblastoma | U3: Unknown | V3: Unknown | W3: 2 | X3: 2-3 Drugs | Z3: Unknown | AA3: Unknown | AC3: CA | AD3: 445
A4: 10285496 | B4: 45685 | C4: 2025 | D4: 1 | E4: 2025Q1 | F4: Yes | G4: None | H4: FALSE | I4: FALSE | J4: FALSE | K4: FALSE | L4: Alopecia; Weight decreased; Gastrointestinal disorder; Vitamin D deficiency; Upper limb fracture | M4: Alopecia | N4: Unknown; Recovered | O4: TRUE | P4: 11 | Q4: VISMODEGIB | R4: ERIVEDGE | S4: 50 | T4: Basal Cell Carcinoma | U4: Genentech, Inc. | V4: Hedgehog Pathway Inhibitor [EPC] | W4: 7 | X4: Polypharmacy(6+) | Y4: 58 | Z4: Middle-Aged(41-65) | AA4: Male | AC4: US | AD4: 424
A5: 10356309 | B5: 45688 | C5: 2025 | D5: 1 | E5: 2025Q1 | F5: Yes | G5: Hospitalization | H5: FALSE | I5: TRUE | J5: FALSE | K5: FALSE | L5: Pneumonia; Obstructive airways disorder; Lower respiratory tract infection; Forced expiratory volume decreased; Irritability | M5: Pneumonia | N5: Unknown; Not Recovered; Recovered; Recovering | O5: FALSE | P5: 59 | Q5: OMALIZUMAB | R5: XOLAIR | S5: 58 | T5: Asthma | U5: Genentech, Inc. | V5: Anti-IgE [EPC] | W5: 40 | X5: Polypharmacy(6+) | Y5: 64 | Z5: Middle-Aged(41-65) | AA5: Female | AC5: CA | AD5: 421
A6: 10450109 | B6: 45670 | C6: 2025 | D6: 1 | E6: 2025Q1 | F6: Yes | G6: None | H6: FALSE | I6: FALSE | J6: FALSE | K6: FALSE | L6: Retinal phototoxicity; Visual impairment; Visual field defect; Visual acuity reduced | M6: Retinal phototoxicity | N6: Recovered | O6: TRUE | P6: 4 | Q6: SURMONTIL | R6: Unknown | S6: 48 | T6: Depression | U6: Unknown | V6: Unknown | W6: 4 | X6: 4-5 Drugs | Y6: 75 | Z6: Senior(66-80) | AA6: Male | AC6: FR | AD6: 439
A7: 10607501 | B7: 45673 | C7: 2025 | D7: 1 | E7: 2025Q1 | F7: Yes | G7: Death; Hospitalization | H7: TRUE | I7: TRUE | J7: FALSE | K7: FALSE | L7: Death; Haematoma | M7: Death | N7: Unknown; Not Recovered | O7: FALSE | P7: 2 | Q7: FONDAPARINUX | R7: Unknown | S7: 58 | T7: Pulmonary Embolism | U7: Unknown | V7: Unknown | W7: 3 | X7: 2-3 Drugs | Y7: 71 | Z7: Senior(66-80) | AA7: Male | AC7: FR | AD7: 436
A8: 10660602 | B8: 45673 | C8: 2025 | D8: 1 | E8: 2025Q1 | F8: Yes | G8: None | H8: FALSE | I8: FALSE | J8: FALSE | K8: FALSE | L8: Overdose; Drug dependence; Blood pressure increased; Hyperhidrosis; Drug withdrawal syndrome | M8: Overdose | N8: Unknown; Not Recovered | O8: FALSE | P8: 21 | Q8: OXYCODONE HYDROCHLORIDE | R8: OXYCONTIN | S8: 48 | T8: Pain | U8: Purdue Pharma Lp | V8: Unknown | W8: 40 | X8: Polypharmacy(6+) | Z8: Unknown | AA8: Male | AB8: 104.31 | AC8: US | AD8: 436
A9: 10675738 | B9: 45663 | C9: 2025 | D9: 1 | E9: 2025Q1 | F9: Yes | G9: None | H9: FALSE | I9: FALSE | J9: FALSE | K9: FALSE | L9: Pyoderma gangrenosum; Palmoplantar pustulosis; Sacroiliitis; Rheumatoid arthritis | M9: Pyoderma gangrenosum | N9: Recovered | O9: TRUE | P9: 4 | Q9: ADALIMUMAB; ADALIMUMAB-AATY; ADALIMUMAB-ADAZ; ADALIMUMAB-FKJP | R9: HUMIRA; ADALIMUMAB | S9: 58 | T9: Rheumatoid Arthritis | U9: Cordavis Limited; Celltrion Usa, Inc.; Abbvie Inc.; Sandoz Inc; Biocon Biologics Inc | V9: Tumor Necrosis Factor Blocker [EPC] | W9: 2 | X9: 2-3 Drugs | Y9: 82 | Z9: Elderly(81+) | AA9: Female | AB9: 55 | AC9: ES | AD9: 446
A10: 10786604 | B10: 45688 | C10: 2025 | D10: 1 | E10: 2025Q1 | F10: No | G10: None | H10: FALSE | I10: FALSE | J10: FALSE | K10: FALSE | L10: Drug resistance | M10: Drug resistance | N10: Unknown | O10: FALSE | P10: 1 | Q10: IMATINIB | R10: IMATINIB MESYLATE; IMATINIB | S10: 65 | T10: Chronic Myeloid Leukaemia | U10: Mylan Pharmaceuticals Inc.; Dr.Reddy'S Laboratories Inc | V10: Unknown | W10: 3 | X10: 2-3 Drugs | Z10: Unknown | AA10: Unknown | AC10: FI | AD10: 421
A11: 10853820 | B11: 45687 | C11: 2025 | D11: 1 | E11: 2025Q1 | F11: Yes | G11: Hospitalization | H11: FALSE | I11: TRUE | J11: FALSE | K11: FALSE | L11: Withdrawal syndrome; Drug abuse; Confusional state; Psychomotor hyperactivity; Tremor | M11: Withdrawal syndrome | N11: Unknown; Recovered | O11: TRUE | P11: 6 | Q11: ZOLPIDEM TARTRATE | R11: ZOLPIDEM | S11: 48 | T11: Insomnia | U11: Aci Healthcare Usa, Inc | V11: Unknown | W11: 6 | X11: Polypharmacy(6+) | Z11: Unknown | AA11: Female | AC11: CZ | AD11: 422
A12: 10876704 | B12: 45663 | C12: 2025 | D12: 1 | E12: 2025Q1 | F12: Yes | G12: None | H12: FALSE | I12: FALSE | J12: FALSE | K12: FALSE | L12: Serotonin syndrome; Obesity; Essential tremor | M12: Serotonin syndrome | N12: Recovered | O12: TRUE | P12: 3 | Q12: LACOSAMIDE | R12: VIMPAT | S12: 48 | T12: Seizure | U12: Ucb, Inc. | V12: Unknown | W12: 16 | X12: Polypharmacy(6+) | Y12: 67 | Z12: Senior(66-80) | AA12: Female | AC12: US | AD12: 446
A13: 10928940 | B13: 45660 | C13: 2025 | D13: 1 | E13: 2025Q1 | F13: Yes | G13: None | H13: FALSE | I13: FALSE | J13: FALSE | K13: FALSE | L13: Gynaecomastia; Emotional distress; Abnormal weight gain | M13: Gynaecomastia | N13: Unknown; Recovered | O13: TRUE | P13: 3 | Q13: RISPERIDONE | R13: RISPERIDONE; UZEDY; PERSERIS; RYKINDO EXTENDED-RELEASE MICROSPHERES; RISPERDAL | S13: 48 | T13: Bipolar Disorder | U13: Amneal Pharmaceuticals Llc; Lupin Pharmaceuticals, Inc.; Amneal Pharmaceuticals Ny Llc; Janssen Pharmaceutical, Inc.; Jubilant Cadista Pharmacuticals Inc. | V13: Atypical Antipsychotic [EPC] | W13: 10 | X13: Polypharmacy(6+) | Y13: 13 | Z13: Teen(13-18) | AA13: Male | AB13: 124.74 | AC13: US | AD13: 449
A14: 10943373 | B14: 45680 | C14: 2025 | D14: 1 | E14: 2025Q1 | F14: No | G14: None | H14: FALSE | I14: FALSE | J14: FALSE | K14: FALSE | L14: Emotional disorder; Gynaecomastia; Weight increased | M14: Emotional disorder | N14: Unknown | O14: FALSE | P14: 3 | Q14: RISPERIDONE | R14: RISPERDAL | S14: 48 | T14: Product Used For Unknown Indication | U14: Janssen Pharmaceuticals, Inc. | V14: Atypical Antipsychotic [EPC] | W14: 4 | X14: 4-5 Drugs | Z14: Unknown | AA14: Male | AC14: US | AD14: 429
A15: 10943649 | B15: 45680 | C15: 2025 | D15: 1 | E15: 2025Q1 | F15: No | G15: None | H15: FALSE | I15: FALSE | J15: FALSE | K15: FALSE | L15: Gynaecomastia; Emotional disorder; Weight increased | M15: Gynaecomastia | N15: Unknown | O15: FALSE | P15: 3 | Q15: RISPERIDONE | R15: RISPERDAL | S15: 48 | T15: Product Used For Unknown Indication | U15: Janssen Pharmaceuticals, Inc. | V15: Atypical Antipsychotic [EPC] | W15: 1 | X15: Single | Z15: Unknown | AA15: Male | AC15: US | AD15: 429
A16: 10946040 | B16: 45680 | C16: 2025 | D16: 1 | E16: 2025Q1 | F16: No | G16: None | H16: FALSE | I16: FALSE | J16: FALSE | K16: FALSE | L16: Gynaecomastia; Weight increased; Emotional distress; Off label use | M16: Gynaecomastia | N16: Unknown | O16: FALSE | P16: 4 | Q16: RISPERIDONE | R16: RISPERDAL | S16: 48 | T16: Attention Deficit Hyperactivity Disorder | U16: Janssen Pharmaceuticals, Inc. | V16: Atypical Antipsychotic [EPC] | W16: 3 | X16: 2-3 Drugs | Z16: Unknown | AA16: Male | AC16: US | AD16: 429
A17: 10975876 | B17: 45687 | C17: 2025 | D17: 1 | E17: 2025Q1 | F17: Yes | G17: Hospitalization | H17: FALSE | I17: TRUE | J17: FALSE | K17: FALSE | L17: Rectal haemorrhage; Haematochezia; Cystitis; Blood pressure decreased; Malignant neoplasm progression | M17: Rectal haemorrhage | N17: Unknown; Not Recovered; Recovered; Recovering | O17: FALSE | P17: 68 | Q17: OCTREOTIDE ACETATE | R17: SANDOSTATIN LAR DEPOT | S17: 30 | T17: Neuroendocrine Tumour | U17: Novartis Pharmaceuticals Corporation | V17: Unknown | W17: 12 | X17: Polypharmacy(6+) | Z17: Unknown | AA17: Female | AC17: CA | AD17: 422
A18: 11069598 | B18: 45672 | C18: 2025 | D18: 1 | E18: 2025Q1 | F18: Yes | G18: Death | H18: TRUE | I18: FALSE | J18: FALSE | K18: FALSE | L18: Abscess oral; Arthropathy; Back pain; Blood pressure increased; Dental caries | M18: Abscess oral | N18: Unknown; Not Recovered | O18: FALSE | P18: 37 | Q18: RIVAROXABAN | R18: XARELTO | S18: 48 | T18: Product Used For Unknown Indication | U18: Janssen Pharmaceuticals, Inc. | V18: Factor Xa Inhibitor [EPC] | W18: 23 | X18: Polypharmacy(6+) | Y18: 83 | Z18: Elderly(81+) | AA18: Female | AB18: 72 | AC18: CA | AD18: 437
A19: 11101084 | B19: 45688 | C19: 2025 | D19: 1 | E19: 2025Q1 | F19: Yes | G19: Death | H19: TRUE | I19: FALSE | J19: FALSE | K19: FALSE | L19: Peritonitis; Respiratory arrest; Intestinal gangrene; Septic shock; Extra dose administered | M19: Peritonitis | N19: Unknown | O19: FALSE | P19: 9 | Q19: MORPHINE SULFATE | R19: MORPHINE SULFATE; INFUMORPH 200; INFUMORPH 500; MORPHINE SULFATE EXTENDED RELEASE; MS CONTIN | S19: 42 | T19: Product Used For Unknown Indication | U19: International Medication Systems, Limited; Hikma Pharmaceuticals Usa Inc.; Rhodes Pharmaceuticals L. P.; Hospira, Inc.; Fresenius Kabi, Usa Llc | V19: Unknown | W19: 2 | X19: 2-3 Drugs | Y19: 57 | Z19: Middle-Aged(41-65) | AA19: Male | AC19: US | AD19: 421
A20: 11140907 | B20: 45680 | C20: 2025 | D20: 1 | E20: 2025Q1 | F20: No | G20: None | H20: FALSE | I20: FALSE | J20: FALSE | K20: FALSE | L20: Gynaecomastia; Weight increased; Emotional disorder | M20: Gynaecomastia | N20: Unknown | O20: FALSE | P20: 3 | Q20: RISPERIDONE | R20: RISPERDAL | S20: 48 | T20: Product Used For Unknown Indication | U20: Janssen Pharmaceuticals, Inc. | V20: Atypical Antipsychotic [EPC] | W20: 1 | X20: Single | Z20: Unknown | AA20: Male | AC20: US | AD20: 429
A21: 11141220 | B21: 45678 | C21: 2025 | D21: 1 | E21: 2025Q1 | F21: No | G21: None | H21: FALSE | I21: FALSE | J21: FALSE | K21: FALSE | L21: Overweight; Gynaecomastia; Emotional disorder | M21: Overweight | N21: Unknown | O21: FALSE | P21: 3 | Q21: RISPERIDONE | R21: RISPERDAL | S21: 48 | T21: Product Used For Unknown Indication | U21: Janssen Pharmaceuticals, Inc. | V21: Atypical Antipsychotic [EPC] | W21: 2 | X21: 2-3 Drugs | Z21: Unknown | AA21: Male | AC21: US | AD21: 431
A22: 11176570 | B22: 45667 | C22: 2025 | D22: 1 | E22: 2025Q1 | F22: Yes | G22: Hospitalization; Life-Threatening | H22: FALSE | I22: TRUE | J22: TRUE | K22: FALSE | L22: Intentional overdose; Hypoglycaemia; Metabolic acidosis; Acute kidney injury; Oliguria | M22: Intentional overdose | N22: Recovered | O22: TRUE | P22: 13 | Q22: AMLODIPINE | R22: SDAMLO; NORLIQVA; KATERZIA | S22: 48 | T22: Hypertension | U22: Pangea Pharmaceuticals, Llc; Cmp Pharma, Inc.; Azurity Pharmaceuticals, Inc. | V22: Dihydropyridine Calcium Channel Blocker [EPC]; Calcium Channel Blocker [EPC] | W22: 2 | X22: 2-3 Drugs | Z22: Unknown | AA22: Unknown | AC22: BE | AD22: 442
A23: 11198503 | B23: 45687 | C23: 2025 | D23: 1 | E23: 2025Q1 | F23: Yes | G23: Hospitalization; Life-Threatening; Disability; Congenital Anomaly | H23: FALSE | I23: TRUE | J23: TRUE | K23: TRUE | L23: Synovitis; Rheumatoid factor positive; Drug hypersensitivity; C-reactive protein increased; Red blood cell sedimentation rate increased | M23: Synovitis | N23: Unknown; Not Recovered | O23: FALSE | P23: 61 | Q23: ETANERCEPT | R23: ENBREL | S23: 58 | T23: Rheumatoid Arthritis | U23: Immunex Corporation | V23: Tumor Necrosis Factor Blocker [EPC] | W23: 88 | X23: Polypharmacy(6+) | Y23: 67 | Z23: Senior(66-80) | AA23: Female | AB23: 73 | AC23: CA | AD23: 422
A24: 11202456 | B24: 45686 | C24: 2025 | D24: 1 | E24: 2025Q1 | F24: Yes | G24: None | H24: FALSE | I24: FALSE | J24: FALSE | K24: FALSE | L24: Bronchitis; Urinary tract infection; Pneumonia; Body temperature decreased; Pain | M24: Bronchitis | N24: Unknown; Not Recovered; Recovered | O24: FALSE | P24: 12 | Q24: OMALIZUMAB | R24: XOLAIR | S24: 58 | T24: Asthma | U24: Genentech, Inc. | V24: Anti-IgE [EPC] | W24: 14 | X24: Polypharmacy(6+) | Y24: 56 | Z24: Middle-Aged(41-65) | AA24: Female | AC24: CA | AD24: 423
A25: 11242177 | B25: 45664 | C25: 2025 | D25: 1 | E25: 2025Q1 | F25: Yes | G25: None | H25: FALSE | I25: FALSE | J25: FALSE | K25: FALSE | L25: Leukopenia | M25: Leukopenia | N25: Recovering | O25: FALSE | P25: 1 | Q25: PEGINTRON | R25: Unknown | S25: 58 | T25: Cholangiocarcinoma | U25: Unknown | V25: Unknown | W25: 2 | X25: 2-3 Drugs | Z25: Unknown | AA25: Unknown | AC25: JP | AD25: 445
A26: 11242178 | B26: 45660 | C26: 2025 | D26: 1 | E26: 2025Q1 | F26: Yes | G26: None | H26: FALSE | I26: FALSE | J26: FALSE | K26: FALSE | L26: Thrombocytopenia | M26: Thrombocytopenia | N26: Unknown | O26: FALSE | P26: 1 | Q26: PEGINTRON | R26: Unknown | S26: 58 | T26: Cholangiocarcinoma | U26: Unknown | V26: Unknown | W26: 4 | X26: 4-5 Drugs | Z26: Unknown | AA26: Unknown | AC26: JP | AD26: 449
A27: 11322501 | B27: 45681 | C27: 2025 | D27: 1 | E27: 2025Q1 | F27: Yes | G27: Hospitalization | H27: FALSE | I27: TRUE | J27: FALSE | K27: FALSE | L27: Diarrhoea; Electrolyte imbalance; Gastrointestinal infection; Hypoglycaemia; Hyponatraemic seizure | M27: Diarrhoea | N27: Recovered | O27: TRUE | P27: 11 | Q27: SOMATROPIN | R27: NORDITROPIN; HUMATROPE; SEROSTIM; NUTROPIN AQ NUSPIN 10; NUTROPIN AQ NUSPIN 5 | S27: 58 | T27: Growth Hormone Deficiency | U27: Novo Nordisk; Eli Lilly And Company; Emd Serono, Inc.; Genentech, Inc.; Pfizer Laboratories Div Pfizer Inc | V27: Recombinant Human Growth Hormone [EPC] | W27: 7 | X27: Polypharmacy(6+) | Y27: 2 | Z27: Infant(0-2) | AA27: Female | AC27: CA | AD27: 428
A28: 11342116 | B28: 45664 | C28: 2025 | D28: 1 | E28: 2025Q1 | F28: Yes | G28: Hospitalization | H28: FALSE | I28: TRUE | J28: FALSE | K28: FALSE | L28: Cardiac flutter; Hypertension; Atrial fibrillation; Tachycardia; Presyncope | M28: Cardiac flutter | N28: Unknown; Not Recovered | O28: FALSE | P28: 16 | Q28: PEGVISOMANT | R28: SOMAVERT | S28: 58 | T28: Acromegaly | U28: Pharmacia & Upjohn Company Llc | V28: Unknown | W28: 13 | X28: Polypharmacy(6+) | Y28: 82 | Z28: Elderly(81+) | AA28: Female | AB28: 87 | AC28: US | AD28: 445
A29: 11404045 | B29: 45670 | C29: 2025 | D29: 1 | E29: 2025Q1 | F29: Yes | G29: Hospitalization; Life-Threatening | H29: FALSE | I29: TRUE | J29: TRUE | K29: FALSE | L29: Septic shock; Bacterial sepsis; Febrile bone marrow aplasia; Acute kidney injury; Deep vein thrombosis | M29: Septic shock | N29: Recovered | O29: TRUE | P29: 8 | Q29: FONDAPARINUX | R29: Unknown | S29: 58 | T29: Product Used For Unknown Indication | U29: Unknown | V29: Unknown | W29: 36 | X29: Polypharmacy(6+) | Y29: 60 | Z29: Middle-Aged(41-65) | AA29: Male | AB29: 80 | AC29: FR | AD29: 439
A30: 11489618 | B30: 45663 | C30: 2025 | D30: 1 | E30: 2025Q1 | F30: Yes | G30: None | H30: FALSE | I30: FALSE | J30: FALSE | K30: FALSE | L30: Heavy menstrual bleeding | M30: Heavy menstrual bleeding | N30: Recovered | O30: TRUE | P30: 1 | Q30: SODIUM OXYBATE | R30: XYREM | S30: 48 | T30: Narcolepsy | U30: Jazz Pharmaceuticals, Inc. | V30: Unknown | W30: 11 | X30: Polypharmacy(6+) | Y30: 39 | Z30: Adult(19-40) | AA30: Female | AB30: 61.7 | AC30: US | AD30: 446
A31: 11591887 | B31: 45681 | C31: 2025 | D31: 1 | E31: 2025Q1 | F31: Yes | G31: Hospitalization | H31: FALSE | I31: TRUE | J31: FALSE | K31: FALSE | L31: Influenza; Hypersensitivity; Urticaria; Pruritus; Lower respiratory tract infection | M31: Influenza | N31: Unknown; Not Recovered; Recovering | O31: FALSE | P31: 34 | Q31: OMALIZUMAB | R31: XOLAIR | S31: 58 | T31: Asthma | U31: Genentech, Inc. | V31: Anti-IgE [EPC] | W31: 34 | X31: Polypharmacy(6+) | Y31: 55 | Z31: Middle-Aged(41-65) | AA31: Female | AC31: CA | AD31: 428
A32: 11610486 | B32: 45672 | C32: 2025 | D32: 1 | E32: 2025Q1 | F32: Yes | G32: Hospitalization | H32: FALSE | I32: TRUE | J32: FALSE | K32: FALSE | L32: Terminal ileitis; Neutropenia; Hypokalaemia | M32: Terminal ileitis | N32: Recovered | O32: TRUE | P32: 3 | Q32: CAPECITABINE | R32: CAPECITABINE; CAPECITABINE 150MG; XELODA; CAPECITABINE 500MG | S32: 65 | T32: Adenocarcinoma | U32: Cipla Usa Inc.; Bluepoint Laboratories; Dr. Reddy'S Laboratories Limited; Northstar Rxllc; Teva Pharmaceuticals Usa, Inc. | V32: Nucleoside Metabolic Inhibitor [EPC] | W32: 5 | X32: 4-5 Drugs | Y32: 61 | Z32: Middle-Aged(41-65) | AA32: Female | AC32: HK | AD32: 437
A33: 11624304 | B33: 45683 | C33: 2025 | D33: 1 | E33: 2025Q1 | F33: No | G33: None | H33: FALSE | I33: FALSE | J33: FALSE | K33: FALSE | L33: Rash; Inappropriate schedule of product administration; Product dose omission issue; Product use issue | M33: Rash | N33: Unknown; Not Recovered | O33: FALSE | P33: 4 | Q33: SITAGLIPTIN AND METFORMIN HYDROCHLORIDE | R33: JANUMET; JANUMET XR | S33: 48 | T33: Diabetes Mellitus | U33: Merck Sharp & Dohme Llc | V33: Unknown | W33: 1 | X33: Single | Y33: 56 | Z33: Middle-Aged(41-65) | AA33: Female | AC33: US | AD33: 426
A34: 11633442 | B34: 45677 | C34: 2025 | D34: 1 | E34: 2025Q1 | F34: Yes | G34: None | H34: FALSE | I34: FALSE | J34: FALSE | K34: FALSE | L34: Infection; Pain; Migraine; Urticaria | M34: Infection | N34: Unknown | O34: FALSE | P34: 4 | Q34: HUMAN IMMUNOGLOBULIN G | R34: ASCENIV; QIVIGY KTHM | S34: Unknown | T34: Combined Immunodeficiency | U34: Adma Biologics, Inc.; Kedrion S.P.A. | V34: Human Immunoglobulin G [EPC] | W34: 2 | X34: 2-3 Drugs | Z34: Unknown | AA34: Female | AC34: US | AD34: 432
A35: 11706030 | B35: 45685 | C35: 2025 | D35: 1 | E35: 2025Q1 | F35: Yes | G35: Hospitalization | H35: FALSE | I35: TRUE | J35: FALSE | K35: FALSE | L35: Myocardial infarction; Supraventricular tachycardia; Feeling drunk; Brain fog | M35: Myocardial infarction | N35: Unknown | O35: FALSE | P35: 4 | Q35: CONJUGATED ESTROGENS; ESTROGENS, CONJUGATED | R35: PREMARIN VAGINAL; PREMARIN | S35: Unknown | T35: Oestrogen Replacement Therapy | U35: Wyeth Pharmaceuticals Llc, A Subsidiary Of Pfizer Inc. | V35: Estrogen [EPC] | W35: 2 | X35: 2-3 Drugs | Y35: 53 | Z35: Middle-Aged(41-65) | AA35: Female | AB35: 69 | AC35: US | AD35: 424
A36: 11713362 | B36: 45685 | C36: 2025 | D36: 1 | E36: 2025Q1 | F36: Yes | G36: None | H36: FALSE | I36: FALSE | J36: FALSE | K36: FALSE | L36: Blindness; Visual acuity reduced | M36: Blindness | N36: Unknown; Not Recovered | O36: FALSE | P36: 2 | Q36: ETANERCEPT | R36: ENBREL | S36: 65 | T36: Rheumatoid Arthritis | U36: Immunex Corporation | V36: Tumor Necrosis Factor Blocker [EPC] | W36: 1 | X36: Single | Y36: 58 | Z36: Middle-Aged(41-65) | AA36: Female | AC36: US | AD36: 424
A37: 11749584 | B37: 45677 | C37: 2025 | D37: 1 | E37: 2025Q1 | F37: Yes | G37: None | H37: FALSE | I37: FALSE | J37: FALSE | K37: FALSE | L37: Tooth abscess; Pneumonia; Body temperature decreased; Stress; Blood pressure decreased | M37: Tooth abscess | N37: Unknown; Recovered; Recovering | O37: TRUE | P37: 27 | Q37: OMALIZUMAB | R37: XOLAIR | S37: 58 | T37: Asthma | U37: Genentech, Inc. | V37: Anti-IgE [EPC] | W37: 34 | X37: Polypharmacy(6+) | Y37: 56 | Z37: Middle-Aged(41-65) | AA37: Female | AB37: 75 | AC37: CA | AD37: 432
A38: 11817639 | B38: 45673 | C38: 2025 | D38: 1 | E38: 2025Q1 | F38: No | G38: None | H38: FALSE | I38: FALSE | J38: FALSE | K38: FALSE | L38: Obesity; Gynaecomastia; Emotional disorder; Off label use | M38: Obesity | N38: Unknown | O38: FALSE | P38: 4 | Q38: RISPERIDONE | R38: RISPERDAL | S38: 48 | T38: Anxiety | U38: Janssen Pharmaceuticals, Inc. | V38: Atypical Antipsychotic [EPC] | W38: 2 | X38: 2-3 Drugs | Y38: 5 | Z38: Child(3-12) | AA38: Male | AB38: 43.09 | AC38: US | AD38: 436
A39: 11844191 | B39: 45686 | C39: 2025 | D39: 1 | E39: 2025Q1 | F39: Yes | G39: None | H39: FALSE | I39: FALSE | J39: FALSE | K39: FALSE | L39: Joint space narrowing | M39: Joint space narrowing | N39: Recovered | O39: TRUE | P39: 1 | Q39: DIMETHYL FUMARATE | R39: TECFIDERA | S39: 50 | T39: Multiple Sclerosis | U39: Biogen Inc. | V39: Unknown | W39: 6 | X39: Polypharmacy(6+) | Z39: Unknown | AA39: Female | AC39: US | AD39: 423
A40: 11844688 | B40: 45677 | C40: 2025 | D40: 1 | E40: 2025Q1 | F40: Yes | G40: None | H40: FALSE | I40: FALSE | J40: FALSE | K40: FALSE | L40: Weight increased; Joint swelling; Drug ineffective; Bone swelling; Arthralgia | M40: Weight increased | N40: Unknown; Not Recovered; Recovering | O40: FALSE | P40: 46 | Q40: TOCILIZUMAB | R40: ACTEMRA | S40: 42 | T40: Rheumatoid Arthritis | U40: Genentech, Inc. | V40: Interleukin-6 Receptor Antagonist [EPC] | W40: 31 | X40: Polypharmacy(6+) | Y40: 42 | Z40: Middle-Aged(41-65) | AA40: Female | AB40: 105 | AC40: CA | AD40: 432
A41: 11971850 | B41: 45663 | C41: 2025 | D41: 1 | E41: 2025Q1 | F41: Yes | G41: None | H41: FALSE | I41: FALSE | J41: FALSE | K41: FALSE | L41: Tongue carcinoma stage 0; Neoplasm malignant; Intestinal adenocarcinoma; Renal cell carcinoma stage I; Prostate cancer | M41: Tongue carcinoma stage 0 | N41: Unknown | O41: FALSE | P41: 234 | Q41: USTEKINUMAB | R41: STELARA | S41: 58 | T41: Psoriasis | U41: Janssen Biotech, Inc. | V41: Interleukin-12 Antagonist [EPC]; Interleukin-23 Antagonist [EPC] | W41: 3 | X41: 2-3 Drugs | Z41: Unknown | AA41: Unknown | AC41: ES | AD41: 446
A42: 11982644 | B42: 45667 | C42: 2025 | D42: 1 | E42: 2025Q1 | F42: Yes | G42: None | H42: FALSE | I42: FALSE | J42: FALSE | K42: FALSE | L42: Oesophagitis | M42: Oesophagitis | N42: Recovering | O42: FALSE | P42: 1 | Q42: GABAPENTIN | R42: GABAPENTIN; NEURONTIN; RELGAABI; GRALISE; GABA 300-EZS | S42: 65 | T42: Product Used For Unknown Indication | U42: Rising Pharma Holdings, Inc.; Precision Dose, Inc.; Ascend Laboratories, Llc; Parke-Davis Div Of Pfizer Inc; Creekwood Pharmaceuticals Llc | V42: Unknown | W42: 4 | X42: 4-5 Drugs | Y42: 81 | Z42: Elderly(81+) | AA42: Male | AC42: US | AD42: 442
A43: 11987598 | B43: 45672 | C43: 2025 | D43: 1 | E43: 2025Q1 | F43: Yes | G43: None | H43: FALSE | I43: FALSE | J43: FALSE | K43: FALSE | L43: Angioedema; Rheumatoid arthritis; Asthma; Dyspnoea; Middle insomnia | M43: Angioedema | N43: Unknown | O43: FALSE | P43: 9 | Q43: OMALIZUMAB | R43: XOLAIR | S43: 58 | T43: Chronic Spontaneous Urticaria | U43: Genentech, Inc. | V43: Anti-IgE [EPC] | W43: 14 | X43: Polypharmacy(6+) | Y43: 41 | Z43: Middle-Aged(41-65) | AA43: Female | AC43: CA | AD43: 437
A44: 11987895 | B44: 45678 | C44: 2025 | D44: 1 | E44: 2025Q1 | F44: Yes | G44: Hospitalization | H44: FALSE | I44: TRUE | J44: FALSE | K44: FALSE | L44: Condition aggravated | M44: Condition aggravated | N44: Recovering | O44: FALSE | P44: 1 | Q44: BUDESONIDE | R44: BUDESONIDE; EOHILIA; PULMICORT RESPULES; TARPEYO; UCERIS | S44: 65 | T44: Malabsorption | U44: Rite Aid Corporation; Walgreens; Rugby Laboratories; Oceanside Pharmaceuticals; Sun Pharmaceutical Industries, Inc. | V44: Corticosteroid [EPC] | W44: 3 | X44: 2-3 Drugs | Y44: 56 | Z44: Middle-Aged(41-65) | AA44: Female | AC44: US | AD44: 431
A45: 12088971 | B45: 45677 | C45: 2025 | D45: 1 | E45: 2025Q1 | F45: Yes | G45: Death | H45: TRUE | I45: FALSE | J45: FALSE | K45: FALSE | L45: Chronic myelomonocytic leukaemia | M45: Chronic myelomonocytic leukaemia | N45: Unknown | O45: FALSE | P45: 1 | Q45: IMATINIB | R45: IMATINIB MESYLATE; IMATINIB | S45: 65 | T45: Chronic Myeloid Leukaemia | U45: Mylan Pharmaceuticals Inc.; Dr.Reddy'S Laboratories Inc | V45: Unknown | W45: 1 | X45: Single | Y45: 77 | Z45: Senior(66-80) | AA45: Male | AC45: US | AD45: 432
A46: 12092675 | B46: 45672 | C46: 2025 | D46: 1 | E46: 2025Q1 | F46: Yes | G46: None | H46: FALSE | I46: FALSE | J46: FALSE | K46: FALSE | L46: Hypophagia; Weight decreased; Disease recurrence | M46: Hypophagia | N46: Unknown; Recovered | O46: TRUE | P46: 3 | Q46: PREDNISONE | R46: PREDNISONE; PREDNISONE DELAYED RELEASE; PREDNISONE TABLETS, USP, 5 MG; PREDNISONE TABLETS, USP, 10 MG; PREDNISONE TABLETS, USP, 20 MG | S46: 65 | T46: Herpes Simplex | U46: Ani Pharmaceuticals, Inc.; Mylan Pharmaceuticals Inc.; Endo Usa, Inc.; Strides Pharma Science Limited; Hikma Pharmaceuticals Usa Inc. | V46: Corticosteroid [EPC] | W46: 4 | X46: 4-5 Drugs | Y46: 23 | Z46: Adult(19-40) | AA46: Male | AC46: US | AD46: 437
A47: 12098603 | B47: 45671 | C47: 2025 | D47: 1 | E47: 2025Q1 | F47: Yes | G47: None | H47: FALSE | I47: FALSE | J47: FALSE | K47: FALSE | L47: Drug ineffective; Rheumatoid arthritis; Condition aggravated; Herpes zoster | M47: Drug ineffective | N47: Unknown; Not Recovered | O47: FALSE | P47: 4 | Q47: ETANERCEPT | R47: ENBREL | S47: 65 | T47: Rheumatoid Arthritis | U47: Immunex Corporation | V47: Tumor Necrosis Factor Blocker [EPC] | W47: 17 | X47: Polypharmacy(6+) | Y47: 60 | Z47: Middle-Aged(41-65) | AA47: Female | AC47: CA | AD47: 438
A48: 12114532 | B48: 45671 | C48: 2025 | D48: 1 | E48: 2025Q1 | F48: Yes | G48: None | H48: FALSE | I48: FALSE | J48: FALSE | K48: FALSE | L48: Hepatic function abnormal; Hepatic function abnormal; Haemoptysis; Folliculitis | M48: Hepatic function abnormal | N48: Recovered; Recovering | O48: TRUE | P48: 4 | Q48: DOLUTEGRAVIR | R48: Unknown | S48: 48 | T48: Hiv Infection | U48: Unknown | V48: Unknown | W48: 15 | X48: Polypharmacy(6+) | Y48: 46 | Z48: Middle-Aged(41-65) | AA48: Male | AC48: JP | AD48: 438
A49: 12168501 | B49: 45660 | C49: 2025 | D49: 1 | E49: 2025Q1 | F49: Yes | G49: Hospitalization | H49: FALSE | I49: TRUE | J49: FALSE | K49: FALSE | L49: Septic shock; Acute kidney injury; Hypovolaemic shock; Haemoptysis; Occult blood positive | M49: Septic shock | N49: Not Recovered; Recovered; Recovering | O49: FALSE | P49: 6 | Q49: GUSELKUMAB | R49: TREMFYA | S49: 65 | T49: Product Used For Unknown Indication | U49: Janssen Biotech, Inc. | V49: Interleukin-23 Antagonist [EPC] | W49: 14 | X49: Polypharmacy(6+) | Y49: 68 | Z49: Senior(66-80) | AA49: Male | AC49: US | AD49: 449
A50: 12233210 | B50: 45670 | C50: 2025 | D50: 1 | E50: 2025Q1 | F50: Yes | G50: Death; Hospitalization | H50: TRUE | I50: TRUE | J50: FALSE | K50: FALSE | L50: Acute respiratory distress syndrome; Multiple organ dysfunction syndrome; Pulmonary blastomycosis; Septic shock | M50: Acute respiratory distress syndrome | N50: Unknown | O50: FALSE | P50: 4 | Q50: TACROLIMUS; TACROLIMUS OINTMENT 0.1%; TACROLIMUS EXTENDED-RELEASE CAPSULES | R50: TACROLIMUS; PROGRAF; ENVARSUS XR | S50: 65 | T50: Immunosuppressant Drug Therapy | U50: Glenmark Pharmaceuticals Inc., Usa; Accord Healthcare Inc.; Ascend Laboratories, Llc; Padagis Israel Pharmaceuticals Ltd; Northstar Rx Llc | V50: Calcineurin Inhibitor Immunosuppressant [EPC] | W50: 6 | X50: Polypharmacy(6+) | Z50: Unknown | AA50: Unknown | AC50: US | AD50: 439
A51: 12394229 | B51: 45674 | C51: 2025 | D51: 1 | E51: 2025Q1 | F51: Yes | G51: None | H51: FALSE | I51: FALSE | J51: FALSE | K51: FALSE | L51: Drug dependence; Tooth infection; Lung disorder; Gastrointestinal disorder; Mucous stools | M51: Drug dependence | N51: Unknown | O51: FALSE | P51: 18 | Q51: ALPRAZOLAM | R51: ALPRAZOLAM; ALPRAZOLAM EXTENDED RELEASE; XANAX; XANAX XR; ALPRAZOLAM XR | S51: 48 | T51: Anxiety | U51: Actavis Pharma, Inc.; Aurobindo Pharma Limited; Mylan Pharmaceuticals Inc.; Ani Pharmaceuticals, Inc.; Endo Usa, Inc. | V51: Benzodiazepine [EPC] | W51: 6 | X51: Polypharmacy(6+) | Z51: Unknown | AA51: Female | AB51: 41.28 | AC51: US | AD51: 435
A52: 12454848 | B52: 45664 | C52: 2025 | D52: 1 | E52: 2025Q1 | F52: Yes | G52: None | H52: FALSE | I52: FALSE | J52: FALSE | K52: FALSE | L52: Drug-induced liver injury | M52: Drug-induced liver injury | N52: Recovered | O52: TRUE | P52: 1 | Q52: AMOXICILLIN\CLAVULANIC ACID | R52: Unknown | S52: 65 | T52: Deep Vein Thrombosis | U52: Unknown | V52: Unknown | W52: 8 | X52: Polypharmacy(6+) | Y52: 69 | Z52: Senior(66-80) | AA52: Male | AC52: FR | AD52: 445
A53: 12461980 | B53: 45659 | C53: 2025 | D53: 1 | E53: 2025Q1 | F53: No | G53: None | H53: FALSE | I53: FALSE | J53: FALSE | K53: FALSE | L53: Blood pressure increased | M53: Blood pressure increased | N53: Unknown | O53: FALSE | P53: 1 | Q53: VEDOLIZUMAB | R53: ENTYVIO; ENTYVIO PEN | S53: Unknown | T53: Colitis Ulcerative | U53: Takeda Pharmaceuticals America, Inc. | V53: Integrin Receptor Antagonist [EPC] | W53: 20 | X53: Polypharmacy(6+) | Y53: 61 | Z53: Middle-Aged(41-65) | AA53: Male | AC53: CA | AD53: 450
A54: 12468340 | B54: 45670 | C54: 2025 | D54: 1 | E54: 2025Q1 | F54: Yes | G54: None | H54: FALSE | I54: FALSE | J54: FALSE | K54: FALSE | L54: Rib fracture; Diarrhoea; Abdominal discomfort; Headache; Fall | M54: Rib fracture | N54: Unknown; Not Recovered; Recovered | O54: FALSE | P54: 9 | Q54: TOFACITINIB | R54: XELJANZ XR; XELJANZ | S54: 48 | T54: Rheumatoid Arthritis | U54: Pfizer Laboratories Div Pfizer Inc; U.S. Pharmaceuticals | V54: Unknown | W54: 6 | X54: Polypharmacy(6+) | Y54: 61 | Z54: Middle-Aged(41-65) | AA54: Female | AC54: CA | AD54: 439
A55: 12493060 | B55: 45665 | C55: 2025 | D55: 1 | E55: 2025Q1 | F55: Yes | G55: None | H55: FALSE | I55: FALSE | J55: FALSE | K55: FALSE | L55: Arrhythmia; Type 2 diabetes mellitus; Arthritis; Off label use; Osteoarthritis | M55: Arrhythmia | N55: Unknown; Recovering | O55: FALSE | P55: 6 | Q55: VEDOLIZUMAB | R55: ENTYVIO; ENTYVIO PEN | S55: Unknown | T55: Crohn^S Disease | U55: Takeda Pharmaceuticals America, Inc. | V55: Integrin Receptor Antagonist [EPC] | W55: 13 | X55: Polypharmacy(6+) | Y55: 61 | Z55: Middle-Aged(41-65) | AA55: Female | AC55: CA | AD55: 444
A56: 12496635 | B56: 45667 | C56: 2025 | D56: 1 | E56: 2025Q1 | F56: Yes | G56: None | H56: FALSE | I56: FALSE | J56: FALSE | K56: FALSE | L56: Type 2 diabetes mellitus; Arrhythmia; Trismus; Spondylitis; Osteoarthritis | M56: Type 2 diabetes mellitus | N56: Unknown; Recovering | O56: FALSE | P56: 5 | Q56: PANTOPRAZOLE SODIUM; PANTOPRAZOLE; PANTOPRAZOLE SODIUM IN 0.9% SODIUM CHLORIDE; PANTOPRAZOLE SODIUM INJECTION | R56: PANTOPRAZOLE SODIUM; PROTONIX I.V.; PANTOPRAZOLE SODIUM I.V.; PROTONIX DELAYED-RELEASE | S56: 65 | T56: Unknown | U56: Mylan Pharmaceuticals Inc.; Sun Pharmaceutical Industries Limited; Novadoz Pharmaceuticals Llc; Sun Pharmaceutical Industries, Inc.; Aurobindo Pharma Limited | V56: Unknown | W56: 13 | X56: Polypharmacy(6+) | Y56: 62 | Z56: Middle-Aged(41-65) | AA56: Female | AC56: CA | AD56: 442
A57: 12501748 | B57: 45682 | C57: 2025 | D57: 1 | E57: 2025Q1 | F57: Yes | G57: Hospitalization | H57: FALSE | I57: TRUE | J57: FALSE | K57: FALSE | L57: Hyperthyroidism; Cardiac failure; Device related infection; Therapeutic response decreased; Catheter site dermatitis | M57: Hyperthyroidism | N57: Unknown; Not Recovered; Recovered; Recovering | O57: FALSE | P57: 10 | Q57: TREPROSTINIL | R57: REMODULIN | S57: 41 | T57: Pulmonary Arterial Hypertension | U57: United Therapeutics Corporation | V57: Prostacycline Vasodilator [EPC] | W57: 9 | X57: Polypharmacy(6+) | Z57: Unknown | AA57: Female | AB57: 59 | AC57: JP | AD57: 427
A58: 12541347 | B58: 45664 | C58: 2025 | D58: 1 | E58: 2025Q1 | F58: Yes | G58: None | H58: FALSE | I58: FALSE | J58: FALSE | K58: FALSE | L58: Seizure; Loss of consciousness; Hypersensitivity; Infusion related reaction; Anaphylactic reaction | M58: Seizure | N58: Unknown; Not Recovered; Recovered | O58: FALSE | P58: 11 | Q58: INFLIXIMAB | R58: REMICADE | S58: 41 | T58: Psoriatic Arthropathy | U58: Janssen Biotech, Inc. | V58: Tumor Necrosis Factor Blocker [EPC] | W58: 12 | X58: Polypharmacy(6+) | Y58: 51 | Z58: Middle-Aged(41-65) | AA58: Male | AB58: 138.8 | AC58: US | AD58: 445
A59: 12607639 | B59: 45671 | C59: 2025 | D59: 1 | E59: 2025Q1 | F59: Yes | G59: Hospitalization | H59: FALSE | I59: TRUE | J59: FALSE | K59: FALSE | L59: Chest discomfort; Nephrolithiasis; Retinopathy; Diverticulitis; Mental impairment | M59: Chest discomfort | N59: Unknown; Not Recovered; Recovered; Recovering | O59: FALSE | P59: 55 | Q59: RUXOLITINIB | R59: JAKAFI | S59: 48 | T59: Polycythaemia Vera | U59: Incyte Corporation | V59: Kinase Inhibitor [EPC]; Janus Kinase Inhibitor [EPC] | W59: 57 | X59: Polypharmacy(6+) | Z59: Unknown | AA59: Unknown | AC59: US | AD59: 438
A60: 12631786 | B60: 45673 | C60: 2025 | D60: 1 | E60: 2025Q1 | F60: Yes | G60: Hospitalization | H60: FALSE | I60: TRUE | J60: FALSE | K60: FALSE | L60: Pneumothorax; Infection; Influenza like illness | M60: Pneumothorax | N60: Unknown | O60: FALSE | P60: 3 | Q60: HIZENTRA | R60: Unknown | S60: 58 | T60: Immunodeficiency Common Variable | U60: Unknown | V60: Unknown | W60: 12 | X60: Polypharmacy(6+) | Z60: Unknown | AA60: Female | AB60: 68.947 | AC60: US | AD60: 436
A61: 12653514 | B61: 45659 | C61: 2025 | D61: 1 | E61: 2025Q1 | F61: Yes | G61: None | H61: FALSE | I61: FALSE | J61: FALSE | K61: FALSE | L61: Dementia; Inappropriate schedule of product administration | M61: Dementia | N61: Unknown | O61: FALSE | P61: 2 | Q61: SITAGLIPTIN | R61: JANUVIA | S61: 48 | T61: Unknown | U61: Merck Sharp & Dohme Llc | V61: Unknown | W61: 1 | X61: Single | Z61: Unknown | AA61: Female | AC61: US | AD61: 450
A62: 12675092 | B62: 45673 | C62: 2025 | D62: 1 | E62: 2025Q1 | F62: Yes | G62: Hospitalization | H62: FALSE | I62: TRUE | J62: FALSE | K62: FALSE | L62: Acute kidney injury; International normalised ratio abnormal; Dialysis; Polyuria; Hypotension | M62: Acute kidney injury | N62: Unknown; Recovering | O62: FALSE | P62: 7 | Q62: OLANZAPINE | R62: OLANZAPINE; ZYPREXA; ZYPREXA ZYDIS; ZYPREXA INTRAMUSCULAR; OLANZAPINE INTRAMUSCULAR | S62: 65 | T62: Product Used For Unknown Indication | U62: Hisun Pharmaceuticals Usa, Inc.; Sandoz Inc; Hec Pharm Usa Inc.; Dr. Reddy'S Laboratories Inc.; Upsher-Smith Laboratories, Llc | V62: Atypical Antipsychotic [EPC] | W62: 28 | X62: Polypharmacy(6+) | Z62: Unknown | AA62: Unknown | AC62: GB | AD62: 436
A63: 12711230 | B63: 45680 | C63: 2025 | D63: 1 | E63: 2025Q1 | F63: Yes | G63: None | H63: FALSE | I63: FALSE | J63: FALSE | K63: FALSE | L63: Therapy non-responder; Rheumatoid arthritis; Herpes zoster | M63: Therapy non-responder | N63: Unknown; Not Recovered | O63: FALSE | P63: 3 | Q63: METHOTREXATE; METHOTREXATE SODIUM | R63: METHOTREXATE; JYLAMVO; TREXALL; RASUVO; XATMEP | S63: Unknown | T63: Rheumatoid Arthritis | U63: Chartwell Rx, Llc; Hospira, Inc.; Shorla Oncology Inc.; Teva Women'S Health, Inc.; Fresenius Kabi Usa, Llc | V63: Folate Analog Metabolic Inhibitor [EPC] | W63: 19 | X63: Polypharmacy(6+) | Y63: 60 | Z63: Middle-Aged(41-65) | AA63: Female | AC63: Unknown | AD63: 429
A64: 12732919 | B64: 45663 | C64: 2025 | D64: 1 | E64: 2025Q1 | F64: Yes | G64: None | H64: FALSE | I64: FALSE | J64: FALSE | K64: FALSE | L64: Neoplasm malignant; Dyspnoea at rest; Respiratory distress; Angina pectoris; Forced expiratory volume decreased | M64: Neoplasm malignant | N64: Unknown; Not Recovered; Recovering | O64: FALSE | P64: 36 | Q64: OMALIZUMAB | R64: XOLAIR | S64: 58 | T64: Asthma | U64: Genentech, Inc. | V64: Anti-IgE [EPC] | W64: 20 | X64: Polypharmacy(6+) | Y64: 66 | Z64: Senior(66-80) | AA64: Male | AC64: CA | AD64: 446
A65: 12756396 | B65: 45678 | C65: 2025 | D65: 1 | E65: 2025Q1 | F65: Yes | G65: None | H65: FALSE | I65: FALSE | J65: FALSE | K65: FALSE | L65: Prostate cancer; Fuchs^ syndrome; Cataract operation; Blood pressure abnormal; Hot flush | M65: Prostate cancer | N65: Unknown; Recovered | O65: TRUE | P65: 5 | Q65: SODIUM OXYBATE | R65: XYREM | S65: 48 | T65: Narcolepsy | U65: Jazz Pharmaceuticals, Inc. | V65: Unknown | W65: 16 | X65: Polypharmacy(6+) | Y65: 70 | Z65: Senior(66-80) | AA65: Male | AC65: US | AD65: 431
A66: 12773286 | B66: 45664 | C66: 2025 | D66: 1 | E66: 2025Q1 | F66: Yes | G66: Hospitalization | H66: FALSE | I66: TRUE | J66: FALSE | K66: FALSE | L66: Intestinal obstruction; Crohn^s disease; Confusional state; Melaena; Vision blurred | M66: Intestinal obstruction | N66: Unknown; Not Recovered; Recovered; Recovering | O66: FALSE | P66: 28 | Q66: VEDOLIZUMAB | R66: ENTYVIO; ENTYVIO PEN | S66: Unknown | T66: Crohn^S Disease | U66: Takeda Pharmaceuticals America, Inc. | V66: Integrin Receptor Antagonist [EPC] | W66: 23 | X66: Polypharmacy(6+) | Z66: Unknown | AA66: Female | AC66: CA | AD66: 445
A67: 12775353 | B67: 45667 | C67: 2025 | D67: 1 | E67: 2025Q1 | F67: Yes | G67: Disability | H67: FALSE | I67: FALSE | J67: FALSE | K67: TRUE | L67: Anaphylactic shock; Arthralgia; Bedridden; Condition aggravated; Drug ineffective | M67: Anaphylactic shock | N67: Unknown | O67: FALSE | P67: 17 | Q67: ABATACEPT | R67: ORENCIA | S67: Unknown | T67: Rheumatoid Arthritis | U67: E.R. Squibb & Sons, L.L.C. | V67: Selective T Cell Costimulation Modulator [EPC] | W67: 32 | X67: Polypharmacy(6+) | Z67: Unknown | AA67: Female | AC67: CA | AD67: 442
A68: 12785185 | B68: 45664 | C68: 2025 | D68: 1 | E68: 2025Q1 | F68: Yes | G68: None | H68: FALSE | I68: FALSE | J68: FALSE | K68: FALSE | L68: Surgery | M68: Surgery | N68: Unknown | O68: FALSE | P68: 1 | Q68: SODIUM OXYBATE | R68: XYREM | S68: 48 | T68: Narcolepsy | U68: Jazz Pharmaceuticals, Inc. | V68: Unknown | W68: 24 | X68: Polypharmacy(6+) | Y68: 27 | Z68: Adult(19-40) | AA68: Female | AC68: US | AD68: 445
A69: 12794381 | B69: 45681 | C69: 2025 | D69: 1 | E69: 2025Q1 | F69: No | G69: None | H69: FALSE | I69: FALSE | J69: FALSE | K69: FALSE | L69: Gynaecomastia; Abnormal weight gain; Extrapyramidal disorder | M69: Gynaecomastia | N69: Unknown | O69: FALSE | P69: 3 | Q69: RISPERIDONE | R69: RISPERDAL | S69: 48 | T69: Attention Deficit Hyperactivity Disorder | U69: Janssen Pharmaceuticals, Inc. | V69: Atypical Antipsychotic [EPC] | W69: 3 | X69: 2-3 Drugs | Z69: Unknown | AA69: Male | AC69: US | AD69: 428
A70: 12794519 | B70: 45688 | C70: 2025 | D70: 1 | E70: 2025Q1 | F70: No | G70: None | H70: FALSE | I70: FALSE | J70: FALSE | K70: FALSE | L70: Anger; Sleep disorder | M70: Anger | N70: Unknown | O70: FALSE | P70: 2 | Q70: RISPERIDONE | R70: RISPERIDONE; UZEDY; PERSERIS; RYKINDO EXTENDED-RELEASE MICROSPHERES; RISPERDAL | S70: 48 | T70: Aggression | U70: Amneal Pharmaceuticals Llc; Lupin Pharmaceuticals, Inc.; Amneal Pharmaceuticals Ny Llc; Janssen Pharmaceutical, Inc.; Jubilant Cadista Pharmacuticals Inc. | V70: Atypical Antipsychotic [EPC] | W70: 4 | X70: 4-5 Drugs | Z70: Unknown | AA70: Male | AC70: US | AD70: 421
A71: 12800446 | B71: 45671 | C71: 2025 | D71: 1 | E71: 2025Q1 | F71: Yes | G71: None | H71: FALSE | I71: FALSE | J71: FALSE | K71: FALSE | L71: Diabetes insipidus; Stress; Acne; Intentional product use issue | M71: Diabetes insipidus | N71: Unknown; Not Recovered | O71: FALSE | P71: 4 | Q71: SODIUM OXYBATE | R71: XYREM | S71: Unknown | T71: Narcolepsy | U71: Jazz Pharmaceuticals, Inc. | V71: Unknown | W71: 14 | X71: Polypharmacy(6+) | Z71: Unknown | AA71: Female | AC71: US | AD71: 438
A72: 12825513 | B72: 45665 | C72: 2025 | D72: 1 | E72: 2025Q1 | F72: Yes | G72: Hospitalization | H72: FALSE | I72: TRUE | J72: FALSE | K72: FALSE | L72: Polyarthritis; Leukopenia; Urinary tract infection bacterial; Sinusitis bacterial; Pharyngitis bacterial | M72: Polyarthritis | N72: Unknown; Not Recovered; Recovered | O72: FALSE | P72: 19 | Q72: BELIMUMAB | R72: BENLYSTA | S72: 42 | T72: Systemic Lupus Erythematosus | U72: Glaxosmithkline Llc | V72: B Lymphocyte Stimulator-specific Inhibitor [EPC] | W72: 8 | X72: Polypharmacy(6+) | Z72: Unknown | AA72: Unknown | AC72: BR | AD72: 444
A73: 12856938 | B73: 45665 | C73: 2025 | D73: 1 | E73: 2025Q1 | F73: No | G73: None | H73: FALSE | I73: FALSE | J73: FALSE | K73: FALSE | L73: Drug ineffective; Asthenia; Sleep disorder; Malaise; COVID-19 | M73: Drug ineffective | N73: Unknown | O73: FALSE | P73: 5 | Q73: TOFACITINIB | R73: XELJANZ XR | S73: Unknown | T73: Rheumatoid Arthritis | U73: Pfizer Laboratories Div Pfizer Inc; U.S. Pharmaceuticals | V73: Unknown | W73: 7 | X73: Polypharmacy(6+) | Y73: 62 | Z73: Middle-Aged(41-65) | AA73: Male | AB73: 74 | AC73: US | AD73: 444
A74: 12905536 | B74: 45679 | C74: 2025 | D74: 1 | E74: 2025Q1 | F74: Yes | G74: None | H74: FALSE | I74: FALSE | J74: FALSE | K74: FALSE | L74: Metastatic malignant melanoma; Gastrooesophageal reflux disease; Diarrhoea | M74: Metastatic malignant melanoma | N74: Unknown; Recovered | O74: TRUE | P74: 3 | Q74: NATALIZUMAB | R74: TYSABRI | S74: 50 | T74: Multiple Sclerosis | U74: Biogen Inc. | V74: Integrin Receptor Antagonist [EPC] | W74: 18 | X74: Polypharmacy(6+) | Z74: Unknown | AA74: Female | AC74: US | AD74: 430
A75: 12947869 | B75: 45686 | C75: 2025 | D75: 1 | E75: 2025Q1 | F75: Yes | G75: Hospitalization | H75: FALSE | I75: TRUE | J75: FALSE | K75: FALSE | L75: Middle insomnia; Asthma; Diverticulitis; Intestinal perforation; Forced expiratory volume decreased | M75: Middle insomnia | N75: Unknown; Not Recovered | O75: FALSE | P75: 7 | Q75: OMALIZUMAB | R75: XOLAIR | S75: 58 | T75: Asthma | U75: Genentech, Inc. | V75: Anti-IgE [EPC] | W75: 2 | X75: 2-3 Drugs | Y75: 57 | Z75: Middle-Aged(41-65) | AA75: Male | AC75: CA | AD75: 423
A76: 12970249 | B76: 45684 | C76: 2025 | D76: 1 | E76: 2025Q1 | F76: Yes | G76: Hospitalization | H76: FALSE | I76: TRUE | J76: FALSE | K76: FALSE | L76: Depression; Suicidal ideation; Blindness; Proteinuria; Muscle twitching | M76: Depression | N76: Unknown; Not Recovered; Recovered; Recovering | O76: FALSE | P76: 16 | Q76: SODIUM OXYBATE | R76: XYREM | S76: 48 | T76: Narcolepsy | U76: Jazz Pharmaceuticals, Inc. | V76: Unknown | W76: 38 | X76: Polypharmacy(6+) | Y76: 35 | Z76: Adult(19-40) | AA76: Female | AC76: US | AD76: 425
A77: 12977814 | B77: 45667 | C77: 2025 | D77: 1 | E77: 2025Q1 | F77: Yes | G77: Hospitalization; Life-Threatening | H77: FALSE | I77: TRUE | J77: TRUE | K77: FALSE | L77: Rash; Pyrexia; Diarrhoea; Eyelid oedema; Dyspnoea | M77: Rash | N77: Unknown; Recovered | O77: TRUE | P77: 21 | Q77: IMATINIB MESYLATE | R77: GLEEVEC | S77: 48 | T77: Acute Lymphocytic Leukaemia | U77: Novartis Pharmaceuticals Corporation | V77: Unknown | W77: 17 | X77: Polypharmacy(6+) | Y77: 13 | Z77: Teen(13-18) | AA77: Male | AB77: 69 | AC77: IT | AD77: 442
A78: 13003676 | B78: 45688 | C78: 2025 | D78: 1 | E78: 2025Q1 | F78: Yes | G78: None | H78: FALSE | I78: FALSE | J78: FALSE | K78: FALSE | L78: Mycobacterium avium complex infection; Migraine; Blood thyroid stimulating hormone decreased; Type V hyperlipidaemia; Headache | M78: Mycobacterium avium complex infection | N78: Unknown; Recovered | O78: TRUE | P78: 8 | Q78: CONJUGATED ESTROGENS; ESTROGENS, CONJUGATED | R78: PREMARIN VAGINAL; PREMARIN | S78: 48 | T78: Hormone Replacement Therapy | U78: Wyeth Pharmaceuticals Llc, A Subsidiary Of Pfizer Inc. | V78: Estrogen [EPC] | W78: 24 | X78: Polypharmacy(6+) | Y78: 63 | Z78: Middle-Aged(41-65) | AA78: Female | AB78: 73.8 | AC78: US | AD78: 421
A79: 13042481 | B79: 45664 | C79: 2025 | D79: 1 | E79: 2025Q1 | F79: Yes | G79: Hospitalization | H79: FALSE | I79: TRUE | J79: FALSE | K79: FALSE | L79: Crohn^s disease | M79: Crohn^s disease | N79: Recovered | O79: TRUE | P79: 1 | Q79: ADALIMUMAB | R79: HUMIRA | S79: 58 | T79: Crohn^S Disease | U79: Cordavis Limited; Abbvie Inc. | V79: Unknown | W79: 5 | X79: 4-5 Drugs | Y79: 17 | Z79: Teen(13-18) | AA79: Female | AB79: 56 | AC79: US | AD79: 445
A80: 13052897 | B80: 45667 | C80: 2025 | D80: 1 | E80: 2025Q1 | F80: Yes | G80: None | H80: FALSE | I80: FALSE | J80: FALSE | K80: FALSE | L80: Lower respiratory tract infection; Polyarthritis; Oropharyngeal pain; Nasal congestion; Rash macular | M80: Lower respiratory tract infection | N80: Unknown; Recovering | O80: FALSE | P80: 30 | Q80: ERELZI | R80: Unknown | S80: 58 | T80: Rheumatoid Arthritis | U80: Unknown | V80: Unknown | W80: 30 | X80: Polypharmacy(6+) | Y80: 56 | Z80: Middle-Aged(41-65) | AA80: Female | AC80: CA | AD80: 442
A81: 13116045 | B81: 45670 | C81: 2025 | D81: 1 | E81: 2025Q1 | F81: No | G81: None | H81: FALSE | I81: FALSE | J81: FALSE | K81: FALSE | L81: Nasopharyngitis; Cognitive disorder; General physical health deterioration; Multiple sclerosis | M81: Nasopharyngitis | N81: Unknown; Not Recovered | O81: FALSE | P81: 4 | Q81: INTERFERON BETA-1A | R81: AVONEX | S81: 50 | T81: Multiple Sclerosis | U81: Biogen Inc. | V81: Interferon beta [EPC] | W81: 4 | X81: 4-5 Drugs | Y81: 60 | Z81: Middle-Aged(41-65) | AA81: Female | AC81: US | AD81: 439
A82: 13120063 | B82: 45680 | C82: 2025 | D82: 1 | E82: 2025Q1 | F82: Yes | G82: Death; Life-Threatening | H82: TRUE | I82: FALSE | J82: TRUE | K82: FALSE | L82: Sepsis; Bronchopulmonary aspergillosis; Leukopenia; Neutropenia | M82: Sepsis | N82: Unknown; Not Recovered | O82: FALSE | P82: 4 | Q82: MYCOPHENOLIC ACID; MYCOPHENILIC ACID | R82: MYCOPHENOLIC ACID; MYFORTIC | S82: 65 | T82: Immunosuppression | U82: Concord Biotech Limited; Ascend Laboratories, Llc; Novartis Pharmaceuticals Corporation; Archis Pharma Llc; Twi Pharmaceuticals, Inc. | V82: Antimetabolite Immunosuppressant [EPC] | W82: 7 | X82: Polypharmacy(6+) | Z82: Unknown | AA82: Male | AC82: CZ | AD82: 429
A83: 13149197 | B83: 45659 | C83: 2025 | D83: 1 | E83: 2025Q1 | F83: Yes | G83: Death; Life-Threatening | H83: TRUE | I83: FALSE | J83: TRUE | K83: FALSE | L83: Sepsis; Pneumonia; Bronchopulmonary aspergillosis; Leukopenia; Neutropenia | M83: Sepsis | N83: Unknown; Not Recovered; Recovered | O83: FALSE | P83: 11 | Q83: MYCOPHENOLATE MOFETIL; MYCOPHENOLATE MOFETIL HYDROCHLORIDE | R83: MYCOPHENOLATE MOFETIL; MYHIBBIN; CELLCEPT | S83: 65 | T83: Immunosuppression | U83: Endo Usa, Inc.; Onesource Specialty Pharma Limited; Bpi Labs Llc; Vistapharm, Llc; Lannett Company, Inc. | V83: Unknown | W83: 7 | X83: Polypharmacy(6+) | Z83: Unknown | AA83: Male | AC83: CZ | AD83: 450
A84: 13225778 | B84: 45672 | C84: 2025 | D84: 1 | E84: 2025Q1 | F84: Yes | G84: None | H84: FALSE | I84: FALSE | J84: FALSE | K84: FALSE | L84: Anaphylactic reaction | M84: Anaphylactic reaction | N84: Recovered | O84: TRUE | P84: 1 | Q84: DIMETHYL FUMARATE | R84: TECFIDERA | S84: 50 | T84: Multiple Sclerosis | U84: Biogen Inc. | V84: Unknown | W84: 4 | X84: 4-5 Drugs | Y84: 57 | Z84: Middle-Aged(41-65) | AA84: Female | AC84: US | AD84: 437
A85: 13229365 | B85: 45672 | C85: 2025 | D85: 1 | E85: 2025Q1 | F85: Yes | G85: None | H85: FALSE | I85: FALSE | J85: FALSE | K85: FALSE | L85: Anaphylactic reaction; Hot flush | M85: Anaphylactic reaction | N85: Not Recovered; Recovered | O85: FALSE | P85: 2 | Q85: NATALIZUMAB | R85: TYSABRI | S85: 50 | T85: Multiple Sclerosis | U85: Biogen Inc. | V85: Integrin Receptor Antagonist [EPC] | W85: 2 | X85: 2-3 Drugs | Z85: Unknown | AA85: Female | AC85: US | AD85: 437
A86: 13266498 | B86: 45670 | C86: 2025 | D86: 1 | E86: 2025Q1 | F86: Yes | G86: Hospitalization; Disability | H86: FALSE | I86: TRUE | J86: FALSE | K86: TRUE | L86: Therapeutic product effect incomplete; Drug intolerance; Infection; International normalised ratio fluctuation; Bloody discharge | M86: Therapeutic product effect incomplete | N86: Unknown; Not Recovered | O86: FALSE | P86: 20 | Q86: METRONIDAZOLE; METRONIDAZOLE TOPICAL | R86: METRONIDAZOLE; METRONIDAZOLE VAGINAL; FLAGYL; NUVESSA; VANDAZOLE | S86: 65 | T86: Rheumatoid Arthritis | U86: Amici Pharma Inc; Oceanside Pharmaceuticals; Baxter Healthcare Corporation; Saptalis Pharmaceuticals Llc; Teva Pharmaceuticals Usa, Inc. | V86: Nitroimidazole Antimicrobial [EPC] | W86: 65 | X86: Polypharmacy(6+) | Y86: 60 | Z86: Middle-Aged(41-65) | AA86: Female | AB86: 97 | AC86: GB | AD86: 439
A87: 13301281 | B87: 45686 | C87: 2025 | D87: 1 | E87: 2025Q1 | F87: No | G87: None | H87: FALSE | I87: FALSE | J87: FALSE | K87: FALSE | L87: Weight decreased; Off label use | M87: Weight decreased | N87: Unknown; Recovered | O87: TRUE | P87: 2 | Q87: BOSUTINIB | R87: BOSULIF | S87: 48 | T87: Chronic Myeloid Leukaemia (In Remission) | U87: Pfizer Laboratories Div Pfizer Inc; U.S. Pharmaceuticals | V87: Unknown | W87: 7 | X87: Polypharmacy(6+) | Y87: 78 | Z87: Senior(66-80) | AA87: Female | AB87: 75 | AC87: US | AD87: 423
A88: 13365526 | B88: 45663 | C88: 2025 | D88: 1 | E88: 2025Q1 | F88: Yes | G88: Death | H88: TRUE | I88: FALSE | J88: FALSE | K88: FALSE | L88: Contrast media reaction | M88: Contrast media reaction | N88: Unknown | O88: FALSE | P88: 1 | Q88: IOHEXOL | R88: OMNIPAQUE | S88: 65 | T88: Diagnostic Procedure | U88: Ge Healthcare; Ge Healthcare Inc. | V88: Radiographic Contrast Agent [EPC] | W88: 1 | X88: Single | Z88: Unknown | AA88: Male | AC88: US | AD88: 446
A89: 13376730 | B89: 45663 | C89: 2025 | D89: 1 | E89: 2025Q1 | F89: Yes | G89: None | H89: FALSE | I89: FALSE | J89: FALSE | K89: FALSE | L89: Anaphylactic reaction | M89: Anaphylactic reaction | N89: Recovered | O89: TRUE | P89: 1 | Q89: HUMAN ALBUMIN MICROSPHERES AND PERFLUTREN | R89: OPTISON PERFLUTREN PROTEIN-TYPE A MICROSPHERES | S89: 65 | T89: Diagnostic Procedure | U89: Ge Healthcare Inc. | V89: Contrast Agent for Ultrasound Imaging [EPC] | W89: 1 | X89: Single | Z89: Unknown | AA89: Female | AC89: US | AD89: 446
A90: 13384174 | B90: 45679 | C90: 2025 | D90: 1 | E90: 2025Q1 | F90: No | G90: None | H90: FALSE | I90: FALSE | J90: FALSE | K90: FALSE | L90: Maternal exposure during pregnancy; Weight decreased; Weight increased; Hereditary angioedema | M90: Maternal exposure during pregnancy | N90: Unknown; Not Recovered | O90: FALSE | P90: 4 | Q90: LANADELUMAB | R90: Unknown | S90: Unknown | T90: Hereditary Angioedema | U90: Unknown | V90: Unknown | W90: 5 | X90: 4-5 Drugs | Y90: 41 | Z90: Middle-Aged(41-65) | AA90: Female | AC90: US | AD90: 430
A91: 13398168 | B91: 45680 | C91: 2025 | D91: 1 | E91: 2025Q1 | F91: Yes | G91: Hospitalization | H91: FALSE | I91: TRUE | J91: FALSE | K91: FALSE | L91: Hyperglycaemic hyperosmolar nonketotic syndrome | M91: Hyperglycaemic hyperosmolar nonketotic syndrome | N91: Unknown | O91: FALSE | P91: 1 | Q91: CISPLATIN | R91: CISPLATIN | S91: Unknown | T91: Bladder Cancer | U91: Teva Parenteral Medicines, Inc.; Wg Critical Care, Llc; Hikma Pharmaceuticals Usa Inc.; Sagent Pharmaceuticals; Bluepoint Laboratories | V91: Platinum-based Drug [EPC] | W91: 4 | X91: 4-5 Drugs | Z91: Unknown | AA91: Unknown | AC91: AU | AD91: 429
A92: 13408924 | B92: 45680 | C92: 2025 | D92: 1 | E92: 2025Q1 | F92: No | G92: None | H92: FALSE | I92: FALSE | J92: FALSE | K92: FALSE | L92: Emotional disorder; Gynaecomastia; Weight increased; Drug ineffective | M92: Emotional disorder | N92: Unknown | O92: FALSE | P92: 4 | Q92: RISPERIDONE | R92: RISPERDAL | S92: 48 | T92: Product Used For Unknown Indication | U92: Janssen Pharmaceuticals, Inc. | V92: Atypical Antipsychotic [EPC] | W92: 2 | X92: 2-3 Drugs | Z92: Unknown | AA92: Male | AC92: US | AD92: 429
A93: 13410539 | B93: 45667 | C93: 2025 | D93: 1 | E93: 2025Q1 | F93: No | G93: None | H93: FALSE | I93: FALSE | J93: FALSE | K93: FALSE | L93: Gynaecomastia; Emotional disorder; Off label use; Product use in unapproved indication | M93: Gynaecomastia | N93: Unknown | O93: FALSE | P93: 4 | Q93: RISPERIDONE | R93: RISPERIDONE; UZEDY; PERSERIS; RYKINDO EXTENDED-RELEASE MICROSPHERES; RISPERDAL | S93: 48 | T93: Oppositional Defiant Disorder | U93: Amneal Pharmaceuticals Llc; Lupin Pharmaceuticals, Inc.; Amneal Pharmaceuticals Ny Llc; Janssen Pharmaceutical, Inc.; Jubilant Cadista Pharmacuticals Inc. | V93: Atypical Antipsychotic [EPC] | W93: 6 | X93: Polypharmacy(6+) | Y93: 11 | Z93: Child(3-12) | AA93: Male | AC93: US | AD93: 442
A94: 13410648 | B94: 45679 | C94: 2025 | D94: 1 | E94: 2025Q1 | F94: No | G94: None | H94: FALSE | I94: FALSE | J94: FALSE | K94: FALSE | L94: Gynaecomastia; Emotional disorder; Off label use; Product use in unapproved indication | M94: Gynaecomastia | N94: Unknown | O94: FALSE | P94: 4 | Q94: RISPERIDONE | R94: RISPERDAL | S94: 48 | T94: Attention Deficit Hyperactivity Disorder | U94: Janssen Pharmaceuticals, Inc. | V94: Atypical Antipsychotic [EPC] | W94: 7 | X94: Polypharmacy(6+) | Y94: 6 | Z94: Child(3-12) | AA94: Male | AC94: US | AD94: 430
A95: 13411175 | B95: 45679 | C95: 2025 | D95: 1 | E95: 2025Q1 | F95: No | G95: None | H95: FALSE | I95: FALSE | J95: FALSE | K95: FALSE | L95: Akathisia; Nervousness; Injury; Drug ineffective; Treatment noncompliance | M95: Akathisia | N95: Unknown | O95: FALSE | P95: 5 | Q95: RISPERIDONE | R95: RISPERDAL | S95: 48 | T95: Attention Deficit Hyperactivity Disorder | U95: Janssen Pharmaceuticals, Inc. | V95: Atypical Antipsychotic [EPC] | W95: 4 | X95: 4-5 Drugs | Z95: Unknown | AA95: Male | AC95: US | AD95: 430
A96: 13411628 | B96: 45687 | C96: 2025 | D96: 1 | E96: 2025Q1 | F96: No | G96: None | H96: FALSE | I96: FALSE | J96: FALSE | K96: FALSE | L96: Emotional distress; Gynaecomastia; Off label use; Product use in unapproved indication | M96: Emotional distress | N96: Unknown | O96: FALSE | P96: 4 | Q96: RISPERIDONE | R96: RISPERDAL | S96: 48 | T96: Attention Deficit Hyperactivity Disorder | U96: Janssen Pharmaceuticals, Inc. | V96: Atypical Antipsychotic [EPC] | W96: 7 | X96: Polypharmacy(6+) | Y96: 11 | Z96: Child(3-12) | AA96: Male | AC96: US | AD96: 422
A97: 13411835 | B97: 45678 | C97: 2025 | D97: 1 | E97: 2025Q1 | F97: Yes | G97: None | H97: FALSE | I97: FALSE | J97: FALSE | K97: FALSE | L97: Gynaecomastia; Hyperprolactinaemia | M97: Gynaecomastia | N97: Unknown; Recovered | O97: TRUE | P97: 2 | Q97: RISPERIDONE | R97: RISPERDAL | S97: 48 | T97: Product Used For Unknown Indication | U97: Janssen Pharmaceuticals, Inc. | V97: Atypical Antipsychotic [EPC] | W97: 1 | X97: Single | Z97: Unknown | AA97: Male | AC97: US | AD97: 431
A98: 13412825 | B98: 45688 | C98: 2025 | D98: 1 | E98: 2025Q1 | F98: No | G98: None | H98: FALSE | I98: FALSE | J98: FALSE | K98: FALSE | L98: Injury | M98: Injury | N98: Unknown | O98: FALSE | P98: 1 | Q98: RISPERIDONE | R98: RISPERDAL | S98: 48 | T98: Product Used For Unknown Indication | U98: Janssen Pharmaceuticals, Inc. | V98: Atypical Antipsychotic [EPC] | W98: 2 | X98: 2-3 Drugs | Z98: Unknown | AA98: Male | AC98: US | AD98: 421
A99: 13419017 | B99: 45665 | C99: 2025 | D99: 1 | E99: 2025Q1 | F99: No | G99: None | H99: FALSE | I99: FALSE | J99: FALSE | K99: FALSE | L99: Gynaecomastia; Emotional disorder | M99: Gynaecomastia | N99: Unknown | O99: FALSE | P99: 2 | Q99: RISPERIDONE | R99: RISPERDAL | S99: 48 | T99: Product Used For Unknown Indication | U99: Janssen Pharmaceuticals, Inc. | V99: Atypical Antipsychotic [EPC] | W99: 1 | X99: Single | Z99: Unknown | AA99: Male | AC99: US | AD99: 444
A100: 13420397 | B100: 45659 | C100: 2025 | D100: 1 | E100: 2025Q1 | F100: Yes | G100: None | H100: FALSE | I100: FALSE | J100: FALSE | K100: FALSE | L100: Neurotoxicity; Nephropathy toxic; Renal impairment; Transplant rejection; Cytomegalovirus viraemia | M100: Neurotoxicity | N100: Unknown; Recovered; Recovering | O100: TRUE | P100: 7 | Q100: MYCOPHENOLATE MOFETIL; MYCOPHENOLATE MOFETIL HYDROCHLORIDE | R100: MYCOPHENOLATE MOFETIL; MYHIBBIN; CELLCEPT | S100: 65 | T100: Immunosuppression | U100: Endo Usa, Inc.; Onesource Specialty Pharma Limited; Bpi Labs Llc; Vistapharm, Llc; Lannett Company, Inc. | V100: Unknown | W100: 5 | X100: 4-5 Drugs | Z100: Unknown | AA100: Male | AC100: US | AD100: 450
...

Sheet MedDRA Mapping
A1: report_id | B1: primary_reaction | C1: meddra_pt | D1: meddra_soc | E1: causality | F1: signal_type | G1: serious
A2: 10136674 | B2: Pneumonia | C2: Pneumonia | D2: Infections and infestations | E2: =IFERROR(VLOOKUP(B2,Signal_detection!$A$1:$C$22,2,FALSE),"") -> Probable | F2: =IFERROR(VLOOKUP(B2,Signal_detection!$A$1:$C$22,3,FALSE),"") -> Infection signal | G2: Yes
A3: 10233235 | B3: Cerebrovascular accident | C3: Cerebrovascular accident | D3: Nervous system disorders | E3: =IFERROR(VLOOKUP(B3,Signal_detection!$A$1:$C$22,2,FALSE),"") -> Probable | F3: =IFERROR(VLOOKUP(B3,Signal_detection!$A$1:$C$22,3,FALSE),"") -> Neurological signal | G3: Yes
A4: 10285496 | B4: Alopecia | C4: Alopecia | D4: Skin and subcutaneous tissue disorders | E4: =IFERROR(VLOOKUP(B4,Signal_detection!$A$1:$C$22,2,FALSE),"") -> Possible | F4: =IFERROR(VLOOKUP(B4,Signal_detection!$A$1:$C$22,3,FALSE),"") -> Non-serious ADR | G4: Yes
A5: 10356309 | B5: Pneumonia | C5: Pneumonia | D5: Infections and infestations | E5: =IFERROR(VLOOKUP(B5,Signal_detection!$A$1:$C$22,2,FALSE),"") -> Probable | F5: =IFERROR(VLOOKUP(B5,Signal_detection!$A$1:$C$22,3,FALSE),"") -> Infection signal | G5: Yes
A6: 10450109 | B6: Retinal phototoxicity | E6: =IFERROR(VLOOKUP(B6,Signal_detection!$A$1:$C$22,2,FALSE),"") | F6: =IFERROR(VLOOKUP(B6,Signal_detection!$A$1:$C$22,3,FALSE),"") | G6: Yes
A7: 10607501 | B7: Death | C7: Death | D7: General disorders and administration site conditions | E7: =IFERROR(VLOOKUP(B7,Signal_detection!$A$1:$C$22,2,FALSE),"") | F7: =IFERROR(VLOOKUP(B7,Signal_detection!$A$1:$C$22,3,FALSE),"") | G7: Yes
A8: 10660602 | B8: Overdose | E8: =IFERROR(VLOOKUP(B8,Signal_detection!$A$1:$C$22,2,FALSE),"") | F8: =IFERROR(VLOOKUP(B8,Signal_detection!$A$1:$C$22,3,FALSE),"") | G8: Yes
A9: 10675738 | B9: Pyoderma gangrenosum | E9: =IFERROR(VLOOKUP(B9,Signal_detection!$A$1:$C$22,2,FALSE),"") | F9: =IFERROR(VLOOKUP(B9,Signal_detection!$A$1:$C$22,3,FALSE),"") | G9: Yes
A10: 10786604 | B10: Drug resistance | E10: =IFERROR(VLOOKUP(B10,Signal_detection!$A$1:$C$22,2,FALSE),"") | F10: =IFERROR(VLOOKUP(B10,Signal_detection!$A$1:$C$22,3,FALSE),"") | G10: No
A11: 10853820 | B11: Withdrawal syndrome | E11: =IFERROR(VLOOKUP(B11,Signal_detection!$A$1:$C$22,2,FALSE),"") | F11: =IFERROR(VLOOKUP(B11,Signal_detection!$A$1:$C$22,3,FALSE),"") | G11: Yes
A12: 10876704 | B12: Serotonin syndrome | E12: =IFERROR(VLOOKUP(B12,Signal_detection!$A$1:$C$22,2,FALSE),"") | F12: =IFERROR(VLOOKUP(B12,Signal_detection!$A$1:$C$22,3,FALSE),"") | G12: Yes
A13: 10928940 | B13: Gynaecomastia | C13: Gynaecomastia | D13: Endocrine disorders | E13: =IFERROR(VLOOKUP(B13,Signal_detection!$A$1:$C$22,2,FALSE),"") | F13: =IFERROR(VLOOKUP(B13,Signal_detection!$A$1:$C$22,3,FALSE),"") | G13: Yes
A14: 10943373 | B14: Emotional disorder | E14: =IFERROR(VLOOKUP(B14,Signal_detection!$A$1:$C$22,2,FALSE),"") | F14: =IFERROR(VLOOKUP(B14,Signal_detection!$A$1:$C$22,3,FALSE),"") | G14: No
A15: 10943649 | B15: Gynaecomastia | C15: Gynaecomastia | D15: Endocrine disorders | E15: =IFERROR(VLOOKUP(B15,Signal_detection!$A$1:$C$22,2,FALSE),"") | F15: =IFERROR(VLOOKUP(B15,Signal_detection!$A$1:$C$22,3,FALSE),"") | G15: No
A16: 10946040 | B16: Gynaecomastia | C16: Gynaecomastia | D16: Endocrine disorders | E16: =IFERROR(VLOOKUP(B16,Signal_detection!$A$1:$C$22,2,FALSE),"") | F16: =IFERROR(VLOOKUP(B16,Signal_detection!$A$1:$C$22,3,FALSE),"") | G16: No
A17: 10975876 | B17: Rectal haemorrhage | E17: =IFERROR(VLOOKUP(B17,Signal_detection!$A$1:$C$22,2,FALSE),"") | F17: =IFERROR(VLOOKUP(B17,Signal_detection!$A$1:$C$22,3,FALSE),"") | G17: Yes
A18: 11069598 | B18: Abscess oral | E18: =IFERROR(VLOOKUP(B18,Signal_detection!$A$1:$C$22,2,FALSE),"") | F18: =IFERROR(VLOOKUP(B18,Signal_detection!$A$1:$C$22,3,FALSE),"") | G18: Yes
A19: 11101084 | B19: Peritonitis | E19: =IFERROR(VLOOKUP(B19,Signal_detection!$A$1:$C$22,2,FALSE),"") | F19: =IFERROR(VLOOKUP(B19,Signal_detection!$A$1:$C$22,3,FALSE),"") | G19: Yes
A20: 11140907 | B20: Gynaecomastia | C20: Gynaecomastia | D20: Endocrine disorders | E20: =IFERROR(VLOOKUP(B20,Signal_detection!$A$1:$C$22,2,FALSE),"") | F20: =IFERROR(VLOOKUP(B20,Signal_detection!$A$1:$C$22,3,FALSE),"") | G20: No
A21: 11141220 | B21: Overweight | E21: =IFERROR(VLOOKUP(B21,Signal_detection!$A$1:$C$22,2,FALSE),"") | F21: =IFERROR(VLOOKUP(B21,Signal_detection!$A$1:$C$22,3,FALSE),"") | G21: No
A22: 11176570 | B22: Intentional overdose | E22: =IFERROR(VLOOKUP(B22,Signal_detection!$A$1:$C$22,2,FALSE),"") | F22: =IFERROR(VLOOKUP(B22,Signal_detection!$A$1:$C$22,3,FALSE),"") | G22: Yes
A23: 11198503 | B23: Synovitis | E23: =IFERROR(VLOOKUP(B23,Signal_detection!$A$1:$C$22,2,FALSE),"") | F23: =IFERROR(VLOOKUP(B23,Signal_detection!$A$1:$C$22,3,FALSE),"") | G23: Yes
A24: 11202456 | B24: Bronchitis | E24: =IFERROR(VLOOKUP(B24,Signal_detection!$A$1:$C$22,2,FALSE),"") | F24: =IFERROR(VLOOKUP(B24,Signal_detection!$A$1:$C$22,3,FALSE),"") | G24: Yes
A25: 11242177 | B25: Leukopenia | C25: Leukopenia | D25: Blood and lymphatic system disorders | E25: =IFERROR(VLOOKUP(B25,Signal_detection!$A$1:$C$22,2,FALSE),"") -> Probable | F25: =IFERROR(VLOOKUP(B25,Signal_detection!$A$1:$C$22,3,FALSE),"") -> Hematologic signal | G25: Yes
A26: 11242178 | B26: Thrombocytopenia | E26: =IFERROR(VLOOKUP(B26,Signal_detection!$A$1:$C$22,2,FALSE),"") | F26: =IFERROR(VLOOKUP(B26,Signal_detection!$A$1:$C$22,3,FALSE),"") | G26: Yes
A27: 11322501 | B27: Diarrhoea | C27: Diarrhoea | D27: Gastrointestinal disorders | E27: =IFERROR(VLOOKUP(B27,Signal_detection!$A$1:$C$22,2,FALSE),"") -> Possible | F27: =IFERROR(VLOOKUP(B27,Signal_detection!$A$1:$C$22,3,FALSE),"") -> GI ADR | G27: Yes
A28: 11342116 | B28: Cardiac flutter | E28: =IFERROR(VLOOKUP(B28,Signal_detection!$A$1:$C$22,2,FALSE),"") | F28: =IFERROR(VLOOKUP(B28,Signal_detection!$A$1:$C$22,3,FALSE),"") | G28: Yes
A29: 11404045 | B29: Septic shock | E29: =IFERROR(VLOOKUP(B29,Signal_detection!$A$1:$C$22,2,FALSE),"") | F29: =IFERROR(VLOOKUP(B29,Signal_detection!$A$1:$C$22,3,FALSE),"") | G29: Yes
A30: 11489618 | B30: Heavy menstrual bleeding | E30: =IFERROR(VLOOKUP(B30,Signal_detection!$A$1:$C$22,2,FALSE),"") | F30: =IFERROR(VLOOKUP(B30,Signal_detection!$A$1:$C$22,3,FALSE),"") | G30: Yes
A31: 11591887 | B31: Influenza | E31: =IFERROR(VLOOKUP(B31,Signal_detection!$A$1:$C$22,2,FALSE),"") | F31: =IFERROR(VLOOKUP(B31,Signal_detection!$A$1:$C$22,3,FALSE),"") | G31: Yes
A32: 11610486 | B32: Terminal ileitis | E32: =IFERROR(VLOOKUP(B32,Signal_detection!$A$1:$C$22,2,FALSE),"") | F32: =IFERROR(VLOOKUP(B32,Signal_detection!$A$1:$C$22,3,FALSE),"") | G32: Yes
A33: 11624304 | B33: Rash | C33: Rash | D33: Skin and subcutaneous tissue disorders | E33: =IFERROR(VLOOKUP(B33,Signal_detection!$A$1:$C$22,2,FALSE),"") -> Possible | F33: =IFERROR(VLOOKUP(B33,Signal_detection!$A$1:$C$22,3,FALSE),"") -> Skin ADR | G33: No
A34: 11633442 | B34: Infection | E34: =IFERROR(VLOOKUP(B34,Signal_detection!$A$1:$C$22,2,FALSE),"") | F34: =IFERROR(VLOOKUP(B34,Signal_detection!$A$1:$C$22,3,FALSE),"") | G34: Yes
A35: 11706030 | B35: Myocardial infarction | E35: =IFERROR(VLOOKUP(B35,Signal_detection!$A$1:$C$22,2,FALSE),"") | F35: =IFERROR(VLOOKUP(B35,Signal_detection!$A$1:$C$22,3,FALSE),"") | G35: Yes
A36: 11713362 | B36: Blindness | E36: =IFERROR(VLOOKUP(B36,Signal_detection!$A$1:$C$22,2,FALSE),"") | F36: =IFERROR(VLOOKUP(B36,Signal_detection!$A$1:$C$22,3,FALSE),"") | G36: Yes
A37: 11749584 | B37: Tooth abscess | E37: =IFERROR(VLOOKUP(B37,Signal_detection!$A$1:$C$22,2,FALSE),"") | F37: =IFERROR(VLOOKUP(B37,Signal_detection!$A$1:$C$22,3,FALSE),"") | G37: Yes
A38: 11817639 | B38: Obesity | E38: =IFERROR(VLOOKUP(B38,Signal_detection!$A$1:$C$22,2,FALSE),"") | F38: =IFERROR(VLOOKUP(B38,Signal_detection!$A$1:$C$22,3,FALSE),"") | G38: No
A39: 11844191 | B39: Joint space narrowing | E39: =IFERROR(VLOOKUP(B39,Signal_detection!$A$1:$C$22,2,FALSE),"") | F39: =IFERROR(VLOOKUP(B39,Signal_detection!$A$1:$C$22,3,FALSE),"") | G39: Yes
A40: 11844688 | B40: Weight increased | C40: Weight increased | D40: Metabolism and nutrition disorders | E40: =IFERROR(VLOOKUP(B40,Signal_detection!$A$1:$C$22,2,FALSE),"") | F40: =IFERROR(VLOOKUP(B40,Signal_detection!$A$1:$C$22,3,FALSE),"") | G40: Yes
A41: 11971850 | B41: Tongue carcinoma stage 0 | E41: =IFERROR(VLOOKUP(B41,Signal_detection!$A$1:$C$22,2,FALSE),"") | F41: =IFERROR(VLOOKUP(B41,Signal_detection!$A$1:$C$22,3,FALSE),"") | G41: Yes
A42: 11982644 | B42: Oesophagitis | E42: =IFERROR(VLOOKUP(B42,Signal_detection!$A$1:$C$22,2,FALSE),"") | F42: =IFERROR(VLOOKUP(B42,Signal_detection!$A$1:$C$22,3,FALSE),"") | G42: Yes
A43: 11987598 | B43: Angioedema | C43: Angioedema | D43: Immune system disorders | E43: =IFERROR(VLOOKUP(B43,Signal_detection!$A$1:$C$22,2,FALSE),"") -> Probable | F43: =IFERROR(VLOOKUP(B43,Signal_detection!$A$1:$C$22,3,FALSE),"") -> Severe hypersensitivity | G43: Yes
A44: 11987895 | B44: Condition aggravated | E44: =IFERROR(VLOOKUP(B44,Signal_detection!$A$1:$C$22,2,FALSE),"") | F44: =IFERROR(VLOOKUP(B44,Signal_detection!$A$1:$C$22,3,FALSE),"") | G44: Yes
A45: 12088971 | B45: Chronic myelomonocytic leukaemia | E45: =IFERROR(VLOOKUP(B45,Signal_detection!$A$1:$C$22,2,FALSE),"") | F45: =IFERROR(VLOOKUP(B45,Signal_detection!$A$1:$C$22,3,FALSE),"") | G45: Yes
A46: 12092675 | B46: Hypophagia | E46: =IFERROR(VLOOKUP(B46,Signal_detection!$A$1:$C$22,2,FALSE),"") | F46: =IFERROR(VLOOKUP(B46,Signal_detection!$A$1:$C$22,3,FALSE),"") | G46: Yes
A47: 12098603 | B47: Drug ineffective | C47: Drug ineffective | D47: General disorders and administration site conditions | E47: =IFERROR(VLOOKUP(B47,Signal_detection!$A$1:$C$22,2,FALSE),"") -> Unlikely | F47: =IFERROR(VLOOKUP(B47,Signal_detection!$A$1:$C$22,3,FALSE),"") -> Non-ADR | G47: Yes
A48: 12114532 | B48: Hepatic function abnormal | E48: =IFERROR(VLOOKUP(B48,Signal_detection!$A$1:$C$22,2,FALSE),"") | F48: =IFERROR(VLOOKUP(B48,Signal_detection!$A$1:$C$22,3,FALSE),"") | G48: Yes
A49: 12168501 | B49: Septic shock | E49: =IFERROR(VLOOKUP(B49,Signal_detection!$A$1:$C$22,2,FALSE),"") | F49: =IFERROR(VLOOKUP(B49,Signal_detection!$A$1:$C$22,3,FALSE),"") | G49: Yes
A50: 12233210 | B50: Acute respiratory distress syndrome | E50: =IFERROR(VLOOKUP(B50,Signal_detection!$A$1:$C$22,2,FALSE),"") | F50: =IFERROR(VLOOKUP(B50,Signal_detection!$A$1:$C$22,3,FALSE),"") | G50: Yes
A51: 12394229 | B51: Drug dependence | E51: =IFERROR(VLOOKUP(B51,Signal_detection!$A$1:$C$22,2,FALSE),"") | F51: =IFERROR(VLOOKUP(B51,Signal_detection!$A$1:$C$22,3,FALSE),"") | G51: Yes
A52: 12454848 | B52: Drug-induced liver injury | E52: =IFERROR(VLOOKUP(B52,Signal_detection!$A$1:$C$22,2,FALSE),"") | F52: =IFERROR(VLOOKUP(B52,Signal_detection!$A$1:$C$22,3,FALSE),"") | G52: Yes
A53: 12461980 | B53: Blood pressure increased | E53: =IFERROR(VLOOKUP(B53,Signal_detection!$A$1:$C$22,2,FALSE),"") | F53: =IFERROR(VLOOKUP(B53,Signal_detection!$A$1:$C$22,3,FALSE),"") | G53: No
A54: 12468340 | B54: Rib fracture | E54: =IFERROR(VLOOKUP(B54,Signal_detection!$A$1:$C$22,2,FALSE),"") | F54: =IFERROR(VLOOKUP(B54,Signal_detection!$A$1:$C$22,3,FALSE),"") | G54: Yes
A55: 12493060 | B55: Arrhythmia | E55: =IFERROR(VLOOKUP(B55,Signal_detection!$A$1:$C$22,2,FALSE),"") | F55: =IFERROR(VLOOKUP(B55,Signal_detection!$A$1:$C$22,3,FALSE),"") | G55: Yes
A56: 12496635 | B56: Type 2 diabetes mellitus | E56: =IFERROR(VLOOKUP(B56,Signal_detection!$A$1:$C$22,2,FALSE),"") | F56: =IFERROR(VLOOKUP(B56,Signal_detection!$A$1:$C$22,3,FALSE),"") | G56: Yes
A57: 12501748 | B57: Hyperthyroidism | E57: =IFERROR(VLOOKUP(B57,Signal_detection!$A$1:$C$22,2,FALSE),"") | F57: =IFERROR(VLOOKUP(B57,Signal_detection!$A$1:$C$22,3,FALSE),"") | G57: Yes
A58: 12541347 | B58: Seizure | C58: Seizure | D58: Nervous system disorders | E58: =IFERROR(VLOOKUP(B58,Signal_detection!$A$1:$C$22,2,FALSE),"") -> Probable | F58: =IFERROR(VLOOKUP(B58,Signal_detection!$A$1:$C$22,3,FALSE),"") -> Neurological signal | G58: Yes
A59: 12607639 | B59: Chest discomfort | E59: =IFERROR(VLOOKUP(B59,Signal_detection!$A$1:$C$22,2,FALSE),"") | F59: =IFERROR(VLOOKUP(B59,Signal_detection!$A$1:$C$22,3,FALSE),"") | G59: Yes
A60: 12631786 | B60: Pneumothorax | E60: =IFERROR(VLOOKUP(B60,Signal_detection!$A$1:$C$22,2,FALSE),"") | F60: =IFERROR(VLOOKUP(B60,Signal_detection!$A$1:$C$22,3,FALSE),"") | G60: Yes
A61: 12653514 | B61: Dementia | E61: =IFERROR(VLOOKUP(B61,Signal_detection!$A$1:$C$22,2,FALSE),"") | F61: =IFERROR(VLOOKUP(B61,Signal_detection!$A$1:$C$22,3,FALSE),"") | G61: Yes
A62: 12675092 | B62: Acute kidney injury | C62: Acute kidney injury | D62: Renal and urinary disorders | E62: =IFERROR(VLOOKUP(B62,Signal_detection!$A$1:$C$22,2,FALSE),"") -> Probable | F62: =IFERROR(VLOOKUP(B62,Signal_detection!$A$1:$C$22,3,FALSE),"") -> Renal safety signal | G62: Yes
A63: 12711230 | B63: Therapy non-responder | E63: =IFERROR(VLOOKUP(B63,Signal_detection!$A$1:$C$22,2,FALSE),"") | F63: =IFERROR(VLOOKUP(B63,Signal_detection!$A$1:$C$22,3,FALSE),"") | G63: Yes
A64: 12732919 | B64: Neoplasm malignant | E64: =IFERROR(VLOOKUP(B64,Signal_detection!$A$1:$C$22,2,FALSE),"") | F64: =IFERROR(VLOOKUP(B64,Signal_detection!$A$1:$C$22,3,FALSE),"") | G64: Yes
A65: 12756396 | B65: Prostate cancer | E65: =IFERROR(VLOOKUP(B65,Signal_detection!$A$1:$C$22,2,FALSE),"") | F65: =IFERROR(VLOOKUP(B65,Signal_detection!$A$1:$C$22,3,FALSE),"") | G65: Yes
A66: 12773286 | B66: Intestinal obstruction | E66: =IFERROR(VLOOKUP(B66,Signal_detection!$A$1:$C$22,2,FALSE),"") | F66: =IFERROR(VLOOKUP(B66,Signal_detection!$A$1:$C$22,3,FALSE),"") | G66: Yes
A67: 12775353 | B67: Anaphylactic shock | E67: =IFERROR(VLOOKUP(B67,Signal_detection!$A$1:$C$22,2,FALSE),"") | F67: =IFERROR(VLOOKUP(B67,Signal_detection!$A$1:$C$22,3,FALSE),"") | G67: Yes
A68: 12785185 | B68: Surgery | E68: =IFERROR(VLOOKUP(B68,Signal_detection!$A$1:$C$22,2,FALSE),"") | F68: =IFERROR(VLOOKUP(B68,Signal_detection!$A$1:$C$22,3,FALSE),"") | G68: Yes
A69: 12794381 | B69: Gynaecomastia | C69: Gynaecomastia | D69: Endocrine disorders | E69: =IFERROR(VLOOKUP(B69,Signal_detection!$A$1:$C$22,2,FALSE),"") | F69: =IFERROR(VLOOKUP(B69,Signal_detection!$A$1:$C$22,3,FALSE),"") | G69: No
A70: 12794519 | B70: Anger | E70: =IFERROR(VLOOKUP(B70,Signal_detection!$A$1:$C$22,2,FALSE),"") | F70: =IFERROR(VLOOKUP(B70,Signal_detection!$A$1:$C$22,3,FALSE),"") | G70: No
A71: 12800446 | B71: Diabetes insipidus | E71: =IFERROR(VLOOKUP(B71,Signal_detection!$A$1:$C$22,2,FALSE),"") | F71: =IFERROR(VLOOKUP(B71,Signal_detection!$A$1:$C$22,3,FALSE),"") | G71: Yes
A72: 12825513 | B72: Polyarthritis | E72: =IFERROR(VLOOKUP(B72,Signal_detection!$A$1:$C$22,2,FALSE),"") | F72: =IFERROR(VLOOKUP(B72,Signal_detection!$A$1:$C$22,3,FALSE),"") | G72: Yes
A73: 12856938 | B73: Drug ineffective | C73: Drug ineffective | D73: General disorders and administration site conditions | E73: =IFERROR(VLOOKUP(B73,Signal_detection!$A$1:$C$22,2,FALSE),"") -> Unlikely | F73: =IFERROR(VLOOKUP(B73,Signal_detection!$A$1:$C$22,3,FALSE),"") -> Non-ADR | G73: No
A74: 12905536 | B74: Metastatic malignant melanoma | E74: =IFERROR(VLOOKUP(B74,Signal_detection!$A$1:$C$22,2,FALSE),"") | F74: =IFERROR(VLOOKUP(B74,Signal_detection!$A$1:$C$22,3,FALSE),"") | G74: Yes
A75: 12947869 | B75: Middle insomnia | E75: =IFERROR(VLOOKUP(B75,Signal_detection!$A$1:$C$22,2,FALSE),"") | F75: =IFERROR(VLOOKUP(B75,Signal_detection!$A$1:$C$22,3,FALSE),"") | G75: Yes
A76: 12970249 | B76: Depression | E76: =IFERROR(VLOOKUP(B76,Signal_detection!$A$1:$C$22,2,FALSE),"") | F76: =IFERROR(VLOOKUP(B76,Signal_detection!$A$1:$C$22,3,FALSE),"") | G76: Yes
A77: 12977814 | B77: Rash | C77: Rash | D77: Skin and subcutaneous tissue disorders | E77: =IFERROR(VLOOKUP(B77,Signal_detection!$A$1:$C$22,2,FALSE),"") -> Possible | F77: =IFERROR(VLOOKUP(B77,Signal_detection!$A$1:$C$22,3,FALSE),"") -> Skin ADR | G77: Yes
A78: 13003676 | B78: Mycobacterium avium complex infection | E78: =IFERROR(VLOOKUP(B78,Signal_detection!$A$1:$C$22,2,FALSE),"") | F78: =IFERROR(VLOOKUP(B78,Signal_detection!$A$1:$C$22,3,FALSE),"") | G78: Yes
A79: 13042481 | B79: Crohn^s disease | E79: =IFERROR(VLOOKUP(B79,Signal_detection!$A$1:$C$22,2,FALSE),"") | F79: =IFERROR(VLOOKUP(B79,Signal_detection!$A$1:$C$22,3,FALSE),"") | G79: Yes
A80: 13052897 | B80: Lower respiratory tract infection | C80: Lower respiratory tract infection | D80: Infections and infestations | E80: =IFERROR(VLOOKUP(B80,Signal_detection!$A$1:$C$22,2,FALSE),"") | F80: =IFERROR(VLOOKUP(B80,Signal_detection!$A$1:$C$22,3,FALSE),"") | G80: Yes
A81: 13116045 | B81: Nasopharyngitis | E81: =IFERROR(VLOOKUP(B81,Signal_detection!$A$1:$C$22,2,FALSE),"") | F81: =IFERROR(VLOOKUP(B81,Signal_detection!$A$1:$C$22,3,FALSE),"") | G81: No
A82: 13120063 | B82: Sepsis | E82: =IFERROR(VLOOKUP(B82,Signal_detection!$A$1:$C$22,2,FALSE),"") -> Probable | F82: =IFERROR(VLOOKUP(B82,Signal_detection!$A$1:$C$22,3,FALSE),"") -> Infection signal | G82: Yes
A83: 13149197 | B83: Sepsis | E83: =IFERROR(VLOOKUP(B83,Signal_detection!$A$1:$C$22,2,FALSE),"") -> Probable | F83: =IFERROR(VLOOKUP(B83,Signal_detection!$A$1:$C$22,3,FALSE),"") -> Infection signal | G83: Yes
A84: 13225778 | B84: Anaphylactic reaction | C84: Anaphylactic reaction | D84: Immune system disorders | E84: =IFERROR(VLOOKUP(B84,Signal_detection!$A$1:$C$22,2,FALSE),"") -> Probable | F84: =IFERROR(VLOOKUP(B84,Signal_detection!$A$1:$C$22,3,FALSE),"") -> Serious allergy signal | G84: Yes
A85: 13229365 | B85: Anaphylactic reaction | C85: Anaphylactic reaction | D85: Immune system disorders | E85: =IFERROR(VLOOKUP(B85,Signal_detection!$A$1:$C$22,2,FALSE),"") -> Probable | F85: =IFERROR(VLOOKUP(B85,Signal_detection!$A$1:$C$22,3,FALSE),"") -> Serious allergy signal | G85: Yes
A86: 13266498 | B86: Therapeutic product effect incomplete | E86: =IFERROR(VLOOKUP(B86,Signal_detection!$A$1:$C$22,2,FALSE),"") | F86: =IFERROR(VLOOKUP(B86,Signal_detection!$A$1:$C$22,3,FALSE),"") | G86: Yes
A87: 13301281 | B87: Weight decreased | C87: Weight decreased | D87: Metabolism and nutrition disorders | E87: =IFERROR(VLOOKUP(B87,Signal_detection!$A$1:$C$22,2,FALSE),"") | F87: =IFERROR(VLOOKUP(B87,Signal_detection!$A$1:$C$22,3,FALSE),"") | G87: No
A88: 13365526 | B88: Contrast media reaction | E88: =IFERROR(VLOOKUP(B88,Signal_detection!$A$1:$C$22,2,FALSE),"") | F88: =IFERROR(VLOOKUP(B88,Signal_detection!$A$1:$C$22,3,FALSE),"") | G88: Yes
A89: 13376730 | B89: Anaphylactic reaction | C89: Anaphylactic reaction | D89: Immune system disorders | E89: =IFERROR(VLOOKUP(B89,Signal_detection!$A$1:$C$22,2,FALSE),"") -> Probable | F89: =IFERROR(VLOOKUP(B89,Signal_detection!$A$1:$C$22,3,FALSE),"") -> Serious allergy signal | G89: Yes
A90: 13384174 | B90: Maternal exposure during pregnancy | C90: Maternal exposure during pregnancy | D90: Pregnancy, puerperium and perinatal conditions | E90: =IFERROR(VLOOKUP(B90,Signal_detection!$A$1:$C$22,2,FALSE),"") | F90: =IFERROR(VLOOKUP(B90,Signal_detection!$A$1:$C$22,3,FALSE),"") | G90: No
A91: 13398168 | B91: Hyperglycaemic hyperosmolar nonketotic syndrome | E91: =IFERROR(VLOOKUP(B91,Signal_detection!$A$1:$C$22,2,FALSE),"") | F91: =IFERROR(VLOOKUP(B91,Signal_detection!$A$1:$C$22,3,FALSE),"") | G91: Yes
A92: 13408924 | B92: Emotional disorder | E92: =IFERROR(VLOOKUP(B92,Signal_detection!$A$1:$C$22,2,FALSE),"") | F92: =IFERROR(VLOOKUP(B92,Signal_detection!$A$1:$C$22,3,FALSE),"") | G92: No
A93: 13410539 | B93: Gynaecomastia | C93: Gynaecomastia | D93: Endocrine disorders | E93: =IFERROR(VLOOKUP(B93,Signal_detection!$A$1:$C$22,2,FALSE),"") | F93: =IFERROR(VLOOKUP(B93,Signal_detection!$A$1:$C$22,3,FALSE),"") | G93: No
A94: 13410648 | B94: Gynaecomastia | C94: Gynaecomastia | D94: Endocrine disorders | E94: =IFERROR(VLOOKUP(B94,Signal_detection!$A$1:$C$22,2,FALSE),"") | F94: =IFERROR(VLOOKUP(B94,Signal_detection!$A$1:$C$22,3,FALSE),"") | G94: No
A95: 13411175 | B95: Akathisia | E95: =IFERROR(VLOOKUP(B95,Signal_detection!$A$1:$C$22,2,FALSE),"") | F95: =IFERROR(VLOOKUP(B95,Signal_detection!$A$1:$C$22,3,FALSE),"") | G95: No
A96: 13411628 | B96: Emotional distress | E96: =IFERROR(VLOOKUP(B96,Signal_detection!$A$1:$C$22,2,FALSE),"") | F96: =IFERROR(VLOOKUP(B96,Signal_detection!$A$1:$C$22,3,FALSE),"") | G96: No
A97: 13411835 | B97: Gynaecomastia | C97: Gynaecomastia | D97: Endocrine disorders | E97: =IFERROR(VLOOKUP(B97,Signal_detection!$A$1:$C$22,2,FALSE),"") | F97: =IFERROR(VLOOKUP(B97,Signal_detection!$A$1:$C$22,3,FALSE),"") | G97: Yes
A98: 13412825 | B98: Injury | E98: =IFERROR(VLOOKUP(B98,Signal_detection!$A$1:$C$22,2,FALSE),"") | F98: =IFERROR(VLOOKUP(B98,Signal_detection!$A$1:$C$22,3,FALSE),"") | G98: No
A99: 13419017 | B99: Gynaecomastia | C99: Gynaecomastia | D99: Endocrine disorders | E99: =IFERROR(VLOOKUP(B99,Signal_detection!$A$1:$C$22,2,FALSE),"") | F99: =IFERROR(VLOOKUP(B99,Signal_detection!$A$1:$C$22,3,FALSE),"") | G99: No
A100: 13420397 | B100: Neurotoxicity | E100: =IFERROR(VLOOKUP(B100,Signal_detection!$A$1:$C$22,2,FALSE),"") | F100: =IFERROR(VLOOKUP(B100,Signal_detection!$A$1:$C$22,3,FALSE),"") | G100: Yes
...

Sheet TOP Reported ADR's 
A1: primary_reaction | B1: meddra_pt | C1: meddra_soc
A2: Foetal exposure during delivery | B2: Foetal exposure during delivery | C2: Pregnancy, puerperium and perinatal conditions
A3: Immune-mediated adverse reaction | B3: Immune-mediated adverse reaction | C3: Immune system disorders
A4: Pneumonia | B4: Pneumonia | C4: Infections and infestations
A5: Drug hypersensitivity | B5: Drug hypersensitivity | C5: Immune system disorders
A6: Death | B6: Death | C6: General disorders and administration site conditions
A7: Drug ineffective | B7: Drug ineffective | C7: General disorders and administration site conditions
A8: Maternal exposure during pregnancy | B8: Maternal exposure during pregnancy | C8: Pregnancy, puerperium and perinatal conditions
A9: Gynaecomastia | B9: Gynaecomastia | C9: Endocrine disorders
A10: Anaphylactic reaction | B10: Anaphylactic reaction | C10: Immune system disorders
A11: Alopecia | B11: Alopecia | C11: Skin and subcutaneous tissue disorders
A12: Fatigue | B12: Fatigue | C12: General disorders and administration site conditions
... A33: Leukopenia | B33: Leukopenia | C33: Blood and lymphatic system disorders

Sheet Signal_detection
A1: Primary Reaction | B1: Suggested Causality | C1: Signal Type
A2: Pneumonia | B2: Probable | C2: Infection signal
A3: Immune-mediated adverse reaction | B3: Probable | C3: Immune signal
A4: Drug hypersensitivity | B4: Probable | C4: Hypersensitivity signal
A5: Anaphylactic reaction | B5: Probable | C5: Serious allergy signal
A6: Sepsis | B6: Probable | C6: Infection signal
A7: Fatigue | B7: Possible | C7: General ADR
A8: Rash | B8: Possible | C8: Skin ADR
A9: Diarrhoea | B9: Possible | C9: GI ADR
A10: Alopecia | B10: Possible | C10: Non-serious ADR
A11: Acute kidney injury | B11: Probable | C11: Renal safety signal
A12: Renal injury | B12: Probable | C12: Renal safety signal
... A22: No adverse event | B22: Unlikely | C22: Non-case

Sheet Narratives
A1: case_id | B1: narrative
A2: 10136674 | B2: A 23-year-old female patient with a medical history of psoriasis received Ustekinumab (STELARA) therapy. During the course of treatment, the patient developed pneumonia accompanied by staphylococcal infection and sepsis. The adverse events were considered serious due to hospitalization requirement. Appropriate medical management was initiated, and the patient subsequently recovered. Considering the temporal association between drug administration and onset of the adverse events, along with the known immunosuppressive profile of Ustekinumab, the causality assessment was determined to be probable. Continuous monitoring for serious infection-related adverse events is recommended during biologic therapy.
A3: 10233235 | B3: A patient receiving Temodal therapy for glioblastoma experienced a cerebrovascular accident during treatment. The adverse event was considered serious due to life-threatening clinical presentation. The outcome of the event was reported as unknown. Based on the temporal relationship between suspect drug exposure and onset of the neurological event, along with the seriousness of the reaction, causality was assessed as probable. Continuous monitoring for severe neurological adverse events is recommended during antineoplastic therapy.
A4: 15924100 | B4: A female patient receiving Letrozole (FEMARA) therapy for metastatic breast cancer developed neutropenia during the course of treatment. Additional adverse events including dyspepsia and nasopharyngitis were also reported. The adverse reaction was classified as serious based on medical significance. The outcome for neutropenia was reported as not recovered, while other associated events showed recovery. The patient was receiving concomitant medications as part of polypharmacy treatment. Based on the temporal relationship between Letrozole administration and onset of the hematologic adverse event, along with the known safety profile of aromatase inhibitor therapy, causality was assessed as probable. Continuous hematologic monitoring is recommended during treatment with endocrine therapy agents in oncology patients.
A5: 17390121 | B5: A patient receiving Acyclovir therapy for infection prophylaxis developed Fanconi syndrome during treatment. An additional event of off-label use was also reported. The adverse event outcome for Fanconi syndrome was reported as unknown, while the off-label use event was noted as recovering. The patient was receiving multiple concomitant medications as part of polypharmacy treatment. Fanconi syndrome was considered medically significant due to its potential renal and metabolic complications. Based on the temporal association between Acyclovir administration and onset of the renal tubular disorder, along with the known nephrotoxic potential associated with antiviral therapy, causality was assessed as probable. Continuous renal function monitoring is recommended during prolonged antiviral treatment, especially in patients receiving multiple concomitant therapies.
A6: 17793257 | B6: A 79-year-old female patient receiving Prednisone therapy following liver transplant developed COVID-19 infection and COVID-19 pneumonia during treatment. Additional events of off-label use and product use in unapproved indication were also reported. The adverse event was considered serious due to hospitalization. The clinical outcome was reported as unknown, with partial recovery noted for associated events. The patient was receiving multiple concomitant medications as part of polypharmacy therapy. Considering the patient’s immunosuppressed status, advanced age, corticosteroid exposure, and temporal relationship between therapy and onset of infection-related adverse events, causality was assessed as possible. Continuous monitoring for severe respiratory infections is recommended in elderly transplant patients receiving corticosteroid-based immunosuppressive therapy.

Sheet Dashboards
